<?xml version="1.0" encoding="UTF-8" ?>
<KddTask>
<TEXT><![CDATA[
Al-Qaida sites knocked offline before release of 'Salil al-Sawarim 3' movie
Mohit Kumar

U.S. intelligence sources confirmed that, Official websites of Al-Qaida were knocked offline two weeks back and still down due to DDoS attack. According to source, "This is one of the longest disruptions the organization has experienced since it set up its online distribution system in 2006. Al-Qaida also was hit by a massive cyber attack in late 2008, from which the online network never recovered."
The websites are forced to offline, just before the release of a film titled as "Salil al-Sawarim 3", which is actually the propaganda video of Iraqi soldiers with dead insurgents by Al-Qaida.
From last few months, online jihadists are discussing the release and had been sharing images and footage from the production. The cyber attack comes as the U.S. State Department, according to a senior official.
The cyber attack on Al-Qaida network delayed the release of movie. According to another source, the last version "Salil As-Sawarim 2” movie was downloaded by more than half million people around the world,
Last release of video covered the operations of the Mujahideen special forces of the Daulah Islam of Iraq against the high-ranking officers of the Anti Terror special forces (SWAT) of the Shi'ah regime of Iraq.
"Al-Qaida has been using the websites to post propaganda that experts say is successfully radicalizing youth all over the world, including in Syria where the organization is believed to be active."
Have something to say about this article? Comment below or share it with us on Facebook, Twitter or our LinkedIn Group.
]]></TEXT>
<TAGS>
<ATTACK.DoS id="ATTACK.D0" start="220" end="232" text="DDoS attack." TYPE="TRG" />
<ATTACK.DoS id="ATTACK.D1" start="510" end="527" text="forced to offline" TYPE="TRG" />
<IMPACT.Disrupt id="IM0" start="167" end="182" text="knocked offline" TYPE="TRG" />
<IMPACT.Disrupt id="IM1" start="208" end="212" text="down" TYPE="TRG" />
<IMPACT.Disrupt id="IM2" start="935" end="942" text="delayed" TYPE="TRG" />
</TAGS>
</KddTask>