<?xml version="1.0" encoding="UTF-8" ?>
<KddTask>
<TEXT><![CDATA[
Cyber Attacks on Six Major American Banks
Mohit Kumar

  (adsbygoogle = window.adsbygoogle || []).push({}); 
According to reports, some of the United States biggest financial institutions  including Wells Fargo, JPMorgan Chase, Bank of America, Citigroup, and Bancorp were hit by a series of cyber attacks last week, by a group claiming Middle Eastern ties, that caused Internet blackouts and delays in online banking.
The banks suffered denial-of-service attacks, in which hackers barrage a website with traffic until it is overwhelmed and shuts down. Such attacks, while a nuisance, are not technically sophisticated and do not affect a company’s computer network or, in this case, funds or customer bank accounts.
Hacktivists, calling themselves "Mrt. Izz ad-Din alQasssam Cyber Fighters," attacked Wells Fargo and posted on Pastebin that U.S. Bancorp and PNC Financial Services Group are next. The group said it had attacked the banks in retaliation for an anti-Islam video that mocks the Prophet Muhammad. It also pledged to continue to attack American credit and financial institutions daily, and possibly institutions in France, Israel and Britain, until the video is taken offline. The New York Stock Exchange and Nasdaq were also targeted.
Frustrated customers of Bank of America, JPMorgan Chase, Citigroup, U.S. Bank, Wells Fargo and PNC, who could not get access to their accounts or pay bills online, were upset because the banks had not explained clearly what was going on.
Representatives for other banks also confirmed that they had experienced slow Internet performance and intermittent downtime because of an unusually high volume of traffic. Security researchers said the attack methods were too basic to have taken so many US bank sites offline. The hackers appeared to be enlisting volunteers for the attacks with messages on various sites.
IT Security professionals need to realize that the hackers are doing damage to websites without having to access the corporate servers. They are hitting the site hard without breaking in. A safety barrier must be created and maintained.
Update: Prolexic Technologies said the distributed denial of service (DDoS) toolkit called itsoknoproblembro was used against some of the banks which included Wells Fargo, U.S. Bank, PNC Bank, Bank of America and JPMorgan Chase.
The attack signatures are extremely complex and Prolexic has recorded sustained floods peaking at 70 Gbps and more than 30 million pps against some of its customers. Most mitigation providers would struggle to combat DDoS attacks with these characteristics.
The itsoknoproblembro toolkit includes multiple infrastructure and application-layer attack vectors, such as SYN floods, that can simultaneously attack multiple destination ports and targets, as well as ICMP, UDP and SSL encrypted attack types.
Have something to say about this article? Comment below or share it with us on Facebook, Twitter or our LinkedIn Group.
]]></TEXT>
<TAGS>
<ATTACK.DoS id="ATTACK.D0" start="483" end="490" text="barrage" TYPE="TRG" />
<ATTACK.DoS id="ATTACK.D1" start="526" end="537" text="overwhelmed" TYPE="SUP" />
<ATTACK.DoS id="ATTACK.D3" start="2211" end="2224" text=" used against" TYPE="TRG" />
<ATTACK.DoS id="ATTACK.D4" start="2408" end="2422" text="floods peaking" TYPE="TRG" />
<ATTACK.DoS id="ATTACK.D5" start="2731" end="2737" text="attack" TYPE="TRG" />
<IMPACT.Disrupt id="IM0" start="380" end="389" text="blackouts" TYPE="TRG" />
<IMPACT.Disrupt id="IM1" start="394" end="400" text="delays" TYPE="TRG" />
<IMPACT.Disrupt id="IM2" start="542" end="552" text="shuts down" TYPE="TRG" />
<IMPACT.Disrupt id="IM3" start="1360" end="1374" text="not get access" TYPE="NUG" />
<IMPACT.Disrupt id="IM4" start="1549" end="1565" text="experienced slow" TYPE="NUG" />
<IMPACT.Disrupt id="IM5" start="1591" end="1612" text="intermittent downtime" TYPE="NUG" />
<IMPACT.Disrupt id="IM6" start="1931" end="1937" text="damage" TYPE="TRG" />
<IMPACT.Disrupt id="IM7" start="2007" end="2014" text="hitting" TYPE="TRG" />
</TAGS>
</KddTask>