<?xml version="1.0" encoding="UTF-8" ?>
<KddTask>
<TEXT><![CDATA[
Massive cyber attack on South Korean banks and TV broadcasters
Mohit Kumar

Computer networks at major South Korean banks and top TV broadcasters crashed simultaneously Wednesday, during a Massive cyber attack. South Korean police investigating reports from several major broadcasters and banks.
  (adsbygoogle = window.adsbygoogle || []).push({}); 
least three broadcasters KBS, MBC and YTN and the Shinhan and Nonghyu banks reported that their computer networks had been crached. The state-run Korea Information Security Agency said that Screens went blank at 2 p.m. and more than seven hours later some systems were still down. 
The take down was apparently not from a distributed denial-of-service (DDOS) attack, but a virus that has apparently infected machines in these organizations and delivered its payload simultaneously.
An official at the Korea Communications Commission said investigators speculate that malicious code was spread from company servers that send automatic updates of security software and virus patches.
The Associated Press says:
"The latest network paralysis took place just days after North Korea accused South Korea and the U.S. of staging a cyber attack that shut down its websites for two days last week. Loxley Pacific, the Thailand-based Internet service provider, confirmed the North Korean outage but did not say what caused it.
"The South Korean shutdown did not affect government agencies or potential targets such as power plants or transportation systems, and there were no immediate reports that bank customers' records were compromised, but the disruption froze part of the country's commerce."
The Korea Internet Security Agency, a state watchdog, said it had recorded 40,000 cases of cyber attacks from foreign and domestic sources in 2012, up sharply from 24,000 in 2008.
Some banking services, such as ATM and online banking, were adversely affected by the shutdowns, though the banks are reporting that those services have been restored.
South Korean President Park Geun Hye has put together a cyber security team to look into whether North Korea is the culprit behind today’s attacks.
Have something to say about this article? Comment below or share it with us on Facebook, Twitter or our LinkedIn Group.
]]></TEXT>
<TAGS>
<ATTACK.Viruss id="ATTA0" start="750" end="758" text="infected" TYPE="TRG" />
<ATTACK.Viruss id="ATTA1" start="795" end="804" text="delivered" TYPE="SUP" />
<ATTACK.Viruss id="ATTA2" start="937" end="943" text="spread" TYPE="TRG" />
<IMPACT.Disrupt id="IM0" start="147" end="154" text="crashed" TYPE="TRG" />
<IMPACT.Disrupt id="IM1" start="474" end="481" text="crached" TYPE="TRG" />
<IMPACT.Disrupt id="IM2" start="549" end="559" text="went blank" TYPE="TRG" />
<IMPACT.Disrupt id="IM3" start="626" end="630" text="down" TYPE="TRG" />
<IMPACT.Disrupt id="IM4" start="633" end="646" text="The take down" TYPE="NUG" />
<IMPACT.Disrupt id="IM5" start="1072" end="1089" text="network paralysis" TYPE="NUG" />
<IMPACT.Disrupt id="IM6" start="1193" end="1202" text="shut down" TYPE="TRG" />
<IMPACT.Disrupt id="IM7" start="1386" end="1394" text="shutdown" TYPE="TRG" />
<IMPACT.Disrupt id="IM8" start="1590" end="1600" text="disruption" TYPE="NUG" />
</TAGS>
</KddTask>