<?xml version="1.0" encoding="UTF-8" ?>
<KddTask>
<TEXT><![CDATA[
June 17, 2008
Father and son indicted for fraudulent internet bank guarantee scheme
Financial services scheme costs investors over $4.8 million
MIAMI - U.S. Immigration and Customs Enforcement (ICE) and other law enforcement agencies, including the Internal Revenue Service, assisted in an investigation that led to the indictment of defendants Amal Rampadaruth, 42, the president and CEO of Alps Resource Bankers Inc. (ALPS) and Amalgamated Resources Holdings, Inc. (ARH), both financial services companies in Palm Beach, Fla., and his father, Jadomanee "Dutt" Rampadaruth, 66, of Palm Beach, Fla.The indictment charges both defendants with two counts of wire fraud, in violation of 18 U.S.C.  1343, and related forfeiture.
As set forth in the indictment, Amal Rampadaruth and Jadomanee Rampadaruth ran a fraudulent scheme through two Florida corporations: Alps Resources Bankers, Inc., and Amalgamated Resources Holdings, Inc. The defendants offered what they claimed were various financial products, including alleged "bank guarantees," through ALPS and ARH. They claimed the alleged "bank guarantees," purportedly from foreign financial institutions, could be used by purchasers as collateral to obtain substantial loans from domestic financial institutions, and as assurance to domestic lenders that any financing granted would be repaid if any default on such loans should occur. The defendants advertised their financial services through a website.
In July and August, 2005, one victim of the defendants' fraud, identified in the indictment as "Victim N.P.," wired $300,000 to the defendants to purchase one of these "bank guarantees." The victim was attempting to obtain collateral for a substantial loan from a domestic lender in order to obtain financing for a multi-million dollar project. The defendants never delivered the alleged "bank guarantee" to Victim N.P.'s lender despite the fact that Victim N.P. paid all monies requested. Despite repeated requests for a refund, the defendants have not refunded the money to Victim N.P.
In addition to the criminal charges, the indictment seeks to forfeit $300,000 representing the proceeds the defendants received from their fraud. Each wire fraud count carries a statutory maximum penalty of twenty (20) years imprisonment, a $250,000 fine, supervised release of up to three (3 years) and restitution.
R. Alexander Acosta, United States Attorney for the Southern District of Florida, commended the investigative efforts of the Internal Revenue Service, U.S. Immigration and Customs Enforcement, U.S. Postal Inspection Service, the State of Florida - Office of Financial Regulation, and the Palm Beach Police Department. The case is being handled by Assistant United States Attorneys Carolyn Bell and Antonia Barnes.
Related court documents and information may be found on the website of the District Court for the Southern District of Florida atwww.flsd.uscourts.gov
 or onhttp://pacer.flsd.uscourts.gov .
]]></TEXT>
<TAGS>
<person id="p0" start="15" end="84" text="Father and son indicted for fraudulent internet bank guarantee scheme" TYPE="BAR" />
<person id="p1" start="15" end="84" text="Father and son indicted for fraudulent internet bank guarantee scheme" TYPE="BAR" />
<person id="p2" start="117" end="126" text="investors" TYPE="BAR" />
<person id="p3" start="335" end="598" text="defendants Amal Rampadaruth, 42, the president and CEO of Alps Resource Bankers Inc. (ALPS) and Amalgamated Resources Holdings, Inc. (ARH), both financial services companies in Palm Beach, Fla., and his father, Jadomanee 'Dutt' Rampadaruth, 66, of Palm Beach, Fla" TYPE="BAR" />
<person id="p4" start="346" end="528" text="Amal Rampadaruth, 42, the president and CEO of Alps Resource Bankers Inc. (ALPS) and Amalgamated Resources Holdings, Inc. (ARH), both financial services companies in Palm Beach, Fla." TYPE="APP" />
<person id="p5" start="346" end="366" text="Amal Rampadaruth, 42" TYPE="NAM" />
<person id="p6" start="368" end="528" text="the president and CEO of Alps Resource Bankers Inc. (ALPS) and Amalgamated Resources Holdings, Inc. (ARH), both financial services companies in Palm Beach, Fla." TYPE="NOM" />
<person id="p7" start="368" end="528" text="the president and CEO of Alps Resource Bankers Inc. (ALPS) and Amalgamated Resources Holdings, Inc. (ARH), both financial services companies in Palm Beach, Fla." TYPE="NOM" />
<person id="p8" start="534" end="598" text="his father, Jadomanee 'Dutt' Rampadaruth, 66, of Palm Beach, Fla" TYPE="NOM" />
<person id="p9" start="546" end="598" text="Jadomanee 'Dutt' Rampadaruth, 66, of Palm Beach, Fla" TYPE="NAM" />
<person id="p10" start="534" end="537" text="his" TYPE="PRO" />
<person id="p11" start="622" end="637" text="both defendants" TYPE="NOM" />
<person id="p12" start="758" end="774" text="Amal Rampadaruth" TYPE="NAM" />
<person id="p13" start="779" end="800" text="Jadomanee Rampadaruth" TYPE="NAM" />
<person id="p14" start="930" end="944" text="The defendants" TYPE="NOM" />
<person id="p15" start="958" end="962" text="they" TYPE="PRO" />
<person id="p16" start="1063" end="1067" text="They" TYPE="PRO" />
<person id="p17" start="1173" end="1183" text="purchasers" TYPE="BAR" />
<person id="p18" start="1387" end="1401" text="The defendants" TYPE="NOM" />
<person id="p19" start="1413" end="1418" text="their" TYPE="PRO" />
<person id="p21" start="1483" end="1564" text="one victim of the defendants' fraud, identified in the indictment as 'Victim N.P." TYPE="NOM" />
<person id="p22" start="1497" end="1511" text="the defendants" TYPE="NOM" />
<person id="p23" start="1553" end="1564" text="Victim N.P." TYPE="NAM" />
<person id="p24" start="1585" end="1599" text="the defendants" TYPE="NOM" />
<person id="p25" start="1644" end="1654" text="The victim" TYPE="NOM" />
<person id="p26" start="1802" end="1816" text="The defendants" TYPE="NOM" />
<person id="p27" start="1865" end="1876" text="Victim N.P." TYPE="NAM" />
<person id="p28" start="1908" end="1919" text="Victim N.P." TYPE="NAM" />
<person id="p29" start="1987" end="2001" text="the defendants" TYPE="NOM" />
<person id="p30" start="2033" end="2043" text="Victim N.P" TYPE="NAM" />
<person id="p31" start="2149" end="2163" text="the defendants" TYPE="NOM" />
<person id="p32" start="2178" end="2183" text="their" TYPE="PRO" />
<person id="p33" start="2362" end="2442" text="R. Alexander Acosta, United States Attorney for the Southern District of Florida" TYPE="APP" />
<person id="p34" start="2362" end="2381" text="R. Alexander Acosta" TYPE="NAM" />
<person id="p35" start="2383" end="2442" text="United States Attorney for the Southern District of Florida" TYPE="BAR" />
<person id="p36" start="2709" end="2774" text="Assistant United States Attorneys Carolyn Bell and Antonia Barnes" TYPE="NAM" />
<person id="p37" start="2709" end="2774" text="Assistant United States Attorneys Carolyn Bell and Antonia Barnes" TYPE="NAM" />
<person id="p38" start="2709" end="2742" text="Assistant United States Attorneys" TYPE="NOMPRE" />
<organization id="o0" start="153" end="198" text="U.S. Immigration and Customs Enforcement (ICE" TYPE="NAM" />
<organization id="o1" start="195" end="198" text="ICE" TYPE="NAM" />
<organization id="o2" start="204" end="274" text="other law enforcement agencies, including the Internal Revenue Service" TYPE="NOM" />
<organization id="o3" start="246" end="274" text="the Internal Revenue Service" TYPE="NAM" />
<organization id="o5" start="421" end="425" text="ALPS" TYPE="NAM" />
<organization id="o7" start="469" end="472" text="ARH" TYPE="NAM" />
<organization id="o8" start="393" end="528" text="Alps Resource Bankers Inc. (ALPS) and Amalgamated Resources Holdings, Inc. (ARH), both financial services companies in Palm Beach, Fla." TYPE="NAM" />
<organization id="o9" start="393" end="528" text="Alps Resource Bankers Inc. (ALPS) and Amalgamated Resources Holdings, Inc. (ARH), both financial services companies in Palm Beach, Fla." TYPE="NAM" />
<organization id="o10" start="475" end="528" text="both financial services companies in Palm Beach, Fla." TYPE="NOM" />
<organization id="o11" start="833" end="928" text="two Florida corporations: Alps Resources Bankers, Inc., and Amalgamated Resources Holdings, Inc" TYPE="NOM" />
<organization id="o12" start="859" end="887" text="Alps Resources Bankers, Inc." TYPE="NAM" />
<organization id="o13" start="893" end="929" text="Amalgamated Resources Holdings, Inc." TYPE="NAM" />
<organization id="o14" start="1023" end="1027" text="bank" TYPE="NOMPRE" />
<organization id="o15" start="1049" end="1053" text="ALPS" TYPE="NAM" />
<organization id="o16" start="1058" end="1061" text="ARH" TYPE="NAM" />
<organization id="o17" start="1089" end="1093" text="bank" TYPE="NOMPRE" />
<organization id="o18" start="1124" end="1154" text="foreign financial institutions" TYPE="BAR" />
<organization id="o19" start="1231" end="1262" text="domestic financial institutions" TYPE="BAR" />
<organization id="o20" start="1284" end="1300" text="domestic lenders" TYPE="BAR" />
<organization id="o21" start="1626" end="1630" text="bank" TYPE="NOMPRE" />
<organization id="o22" start="1719" end="1736" text="a domestic lender" TYPE="NOM" />
<organization id="o23" start="1846" end="1850" text="bank" TYPE="NOMPRE" />
<organization id="o24" start="1865" end="1885" text="Victim N.P.'s lender" TYPE="NOM" />
<organization id="o25" start="2410" end="2442" text="the Southern District of Florida" TYPE="NAM" />
<organization id="o26" start="2483" end="2511" text="the Internal Revenue Service" TYPE="NAM" />
<organization id="o27" start="2513" end="2553" text="U.S. Immigration and Customs Enforcement" TYPE="NAM" />
<organization id="o28" start="2555" end="2585" text="U.S. Postal Inspection Service" TYPE="NAM" />
<organization id="o29" start="2587" end="2640" text="the State of Florida - Office of Financial Regulation" TYPE="NAM" />
<organization id="o30" start="2587" end="2607" text="the State of Florida" TYPE="NOM" />
<organization id="o31" start="2646" end="2678" text="the Palm Beach Police Department" TYPE="NAM" />
<organization id="o32" start="2784" end="2789" text="court" TYPE="NOMPRE" />
<organization id="o33" start="2847" end="2902" text="the District Court for the Southern District of Florida" TYPE="NAM" />
<geographical-political id="g0" start="145" end="150" text="MIAMI" TYPE="NAM" />
<geographical-political id="g1" start="512" end="528" text="Palm Beach, Fla." TYPE="NAM" />
<geographical-political id="g2" start="524" end="528" text="Fla." TYPE="NAM" />
<geographical-political id="g3" start="583" end="598" text="Palm Beach, Fla" TYPE="NAM" />
<geographical-political id="g4" start="595" end="598" text="Fla" TYPE="NAM" />
<geographical-political id="g5" start="837" end="844" text="Florida" TYPE="NAM" />
<geographical-political id="g6" start="2383" end="2396" text="United States" TYPE="NAMPRE" />
<geographical-political id="g7" start="2600" end="2607" text="Florida" TYPE="NAM" />
<geographical-political id="g8" start="2719" end="2732" text="United States" TYPE="NAMPRE" />
<head id="h0" start="15" end="21" text="Father" />
<head id="h1" start="26" end="29" text="son" />
<head id="h2" start="117" end="126" text="investors" />
<head id="h3" start="145" end="150" text="MIAMI" />
<head id="h4" start="153" end="193" text="U.S. Immigration and Customs Enforcement" />
<head id="h5" start="195" end="198" text="ICE" />
<head id="h6" start="226" end="234" text="agencies" />
<head id="h7" start="250" end="274" text="Internal Revenue Service" />
<head id="h8" start="335" end="345" text="defendants" />
<head id="h9" start="346" end="362" text="Amal Rampadaruth" />
<head id="h10" start="372" end="381" text="president" />
<head id="h11" start="386" end="389" text="CEO" />
<head id="h12" start="393" end="419" text="Alps Resource Bankers Inc." />
<head id="h13" start="421" end="425" text="ALPS" />
<head id="h14" start="431" end="467" text="Amalgamated Resources Holdings, Inc." />
<head id="h15" start="469" end="472" text="ARH" />
<head id="h16" start="499" end="508" text="companies" />
<head id="h17" start="512" end="522" text="Palm Beach" />
<head id="h18" start="524" end="528" text="Fla." />
<head id="h19" start="538" end="544" text="father" />
<head id="h20" start="546" end="574" text="Jadomanee 'Dutt' Rampadaruth" />
<head id="h21" start="534" end="537" text="his" />
<head id="h22" start="583" end="593" text="Palm Beach" />
<head id="h23" start="595" end="598" text="Fla" />
<head id="h24" start="627" end="637" text="defendants" />
<head id="h25" start="758" end="774" text="Amal Rampadaruth" />
<head id="h26" start="779" end="800" text="Jadomanee Rampadaruth" />
<head id="h27" start="845" end="857" text="corporations" />
<head id="h28" start="859" end="887" text="Alps Resources Bankers, Inc." />
<head id="h29" start="893" end="929" text="Amalgamated Resources Holdings, Inc." />
<head id="h30" start="837" end="844" text="Florida" />
<head id="h31" start="934" end="944" text="defendants" />
<head id="h32" start="958" end="962" text="they" />
<head id="h33" start="1023" end="1027" text="bank" />
<head id="h34" start="1049" end="1053" text="ALPS" />
<head id="h35" start="1058" end="1061" text="ARH" />
<head id="h36" start="1063" end="1067" text="They" />
<head id="h37" start="1089" end="1093" text="bank" />
<head id="h38" start="1142" end="1154" text="institutions" />
<head id="h39" start="1173" end="1183" text="purchasers" />
<head id="h40" start="1250" end="1262" text="institutions" />
<head id="h41" start="1293" end="1300" text="lenders" />
<head id="h42" start="1391" end="1401" text="defendants" />
<head id="h43" start="1413" end="1418" text="their" />
<head id="h44" start="1487" end="1493" text="victim" />
<head id="h45" start="1501" end="1511" text="defendants" />
<head id="h46" start="1553" end="1564" text="Victim N.P." />
<head id="h47" start="1589" end="1599" text="defendants" />
<head id="h48" start="1626" end="1630" text="bank" />
<head id="h49" start="1648" end="1654" text="victim" />
<head id="h50" start="1730" end="1736" text="lender" />
<head id="h51" start="1806" end="1816" text="defendants" />
<head id="h52" start="1846" end="1850" text="bank" />
<head id="h53" start="1879" end="1885" text="lender" />
<head id="h54" start="1865" end="1876" text="Victim N.P." />
<head id="h55" start="1908" end="1919" text="Victim N.P." />
<head id="h56" start="1991" end="2001" text="defendants" />
<head id="h57" start="2033" end="2043" text="Victim N.P" />
<head id="h58" start="2153" end="2163" text="defendants" />
<head id="h59" start="2178" end="2183" text="their" />
<head id="h60" start="2362" end="2381" text="R. Alexander Acosta" />
<head id="h61" start="2397" end="2405" text="Attorney" />
<head id="h62" start="2383" end="2396" text="United States" />
<head id="h63" start="2414" end="2442" text="Southern District of Florida" />
<head id="h64" start="2487" end="2511" text="Internal Revenue Service" />
<head id="h65" start="2513" end="2553" text="U.S. Immigration and Customs Enforcement" />
<head id="h66" start="2555" end="2585" text="U.S. Postal Inspection Service" />
<head id="h67" start="2610" end="2640" text="Office of Financial Regulation" />
<head id="h68" start="2591" end="2596" text="State" />
<head id="h69" start="2600" end="2607" text="Florida" />
<head id="h70" start="2650" end="2678" text="Palm Beach Police Department" />
<head id="h71" start="2743" end="2755" text="Carolyn Bell" />
<head id="h72" start="2760" end="2774" text="Antonia Barnes" />
<head id="h73" start="2733" end="2742" text="Attorneys" />
<head id="h74" start="2719" end="2732" text="United States" />
<head id="h75" start="2784" end="2789" text="court" />
<head id="h76" start="2851" end="2902" text="District Court for the Southern District of Florida" />
<name id="n0" start="145" end="150" text="MIAMI" />
<name id="n1" start="153" end="193" text="U.S. Immigration and Customs Enforcement" />
<name id="n2" start="195" end="198" text="ICE" />
<name id="n3" start="250" end="274" text="Internal Revenue Service" />
<name id="n4" start="346" end="362" text="Amal Rampadaruth" />
<name id="n5" start="393" end="419" text="Alps Resource Bankers Inc." />
<name id="n6" start="421" end="425" text="ALPS" />
<name id="n7" start="431" end="467" text="Amalgamated Resources Holdings, Inc." />
<name id="n8" start="469" end="472" text="ARH" />
<name id="n9" start="512" end="522" text="Palm Beach" />
<name id="n10" start="524" end="528" text="Fla." />
<name id="n11" start="546" end="574" text="Jadomanee 'Dutt' Rampadaruth" />
<name id="n12" start="583" end="593" text="Palm Beach" />
<name id="n13" start="595" end="598" text="Fla" />
<name id="n14" start="758" end="774" text="Amal Rampadaruth" />
<name id="n15" start="779" end="800" text="Jadomanee Rampadaruth" />
<name id="n16" start="859" end="887" text="Alps Resources Bankers, Inc." />
<name id="n17" start="893" end="929" text="Amalgamated Resources Holdings, Inc." />
<name id="n18" start="837" end="844" text="Florida" />
<name id="n19" start="1049" end="1053" text="ALPS" />
<name id="n20" start="1058" end="1061" text="ARH" />
<name id="n21" start="1553" end="1564" text="Victim N.P." />
<name id="n22" start="1865" end="1876" text="Victim N.P." />
<name id="n23" start="1908" end="1919" text="Victim N.P." />
<name id="n24" start="2033" end="2043" text="Victim N.P" />
<name id="n25" start="2362" end="2381" text="R. Alexander Acosta" />
<name id="n26" start="2383" end="2396" text="United States" />
<name id="n27" start="2414" end="2442" text="Southern District of Florida" />
<name id="n28" start="2487" end="2511" text="Internal Revenue Service" />
<name id="n29" start="2513" end="2553" text="U.S. Immigration and Customs Enforcement" />
<name id="n30" start="2555" end="2585" text="U.S. Postal Inspection Service" />
<name id="n31" start="2610" end="2640" text="Office of Financial Regulation" />
<name id="n32" start="2600" end="2607" text="Florida" />
<name id="n33" start="2650" end="2678" text="Palm Beach Police Department" />
<name id="n34" start="2743" end="2755" text="Carolyn Bell" />
<name id="n35" start="2760" end="2774" text="Antonia Barnes" />
<name id="n36" start="2719" end="2732" text="United States" />
<name id="n37" start="2851" end="2902" text="District Court for the Southern District of Florida" />
<employment-mention id="e0" start="368" end="528" text="the president and CEO of Alps Resource Bankers Inc. (ALPS) and Amalgamated Resources Holdings, Inc. (ARH), both financial services companies in Palm Beach, Fla." TYPE="Preposition" />
<employment-mention id="e1" start="368" end="528" text="the president and CEO of Alps Resource Bankers Inc. (ALPS) and Amalgamated Resources Holdings, Inc. (ARH), both financial services companies in Palm Beach, Fla." TYPE="Preposition" />
<employment-mention id="e2" start="368" end="528" text="the president and CEO of Alps Resource Bankers Inc. (ALPS) and Amalgamated Resources Holdings, Inc. (ARH), both financial services companies in Palm Beach, Fla." TYPE="Preposition" />
<employment-mention id="e3" start="368" end="528" text="the president and CEO of Alps Resource Bankers Inc. (ALPS) and Amalgamated Resources Holdings, Inc. (ARH), both financial services companies in Palm Beach, Fla." TYPE="Preposition" />
<employment-mention id="e4" start="2383" end="2442" text="United States Attorney for the Southern District of Florida" TYPE="PreMod" />
<employment-mention id="e5" start="2709" end="2742" text="Assistant United States Attorneys" TYPE="PreMod" />
<CRRE id="C0" start="546" end="598" text="Jadomanee 'Dutt' Rampadaruth, 66, of Palm Beach, Fla" TYPE="Preposition" />
<M id="M0" start="2383" end="2442" text="United States Attorney for the Southern District of Florida" TYPE="Preposition" />
<entity_link id="en0" fromID="o1" fromText="ICE" toID="o0" toText="U.S. Immigration and Customs Enforcement (ICE" />
<entity_link id="en1" fromID="p5" fromText="Amal Rampadaruth, 42" toID="p4" toText="Amal Rampadaruth, 42, the president and CEO of Alps Resource Bankers Inc. (ALPS) and Amalgamated Resources Holdings, Inc. (ARH), both financial services companies in Palm Beach, Fla." />
<entity_link id="en2" fromID="p6" fromText="the president and CEO of Alps Resource Bankers Inc. (ALPS) and Amalgamated Resources Holdings, Inc. (ARH), both financial services companies in Palm Beach, Fla." toID="p5" toText="Amal Rampadaruth, 42" />
<entity_link id="en3" fromID="p7" fromText="the president and CEO of Alps Resource Bankers Inc. (ALPS) and Amalgamated Resources Holdings, Inc. (ARH), both financial services companies in Palm Beach, Fla." toID="p5" toText="Amal Rampadaruth, 42" />
<entity_link id="en4" fromID="p5" fromText="Amal Rampadaruth, 42" toID="p1" toText="Father and son indicted for fraudulent internet bank guarantee scheme" />
<entity_link id="en7" fromID="o5" fromText="ALPS" toID="o8" toText="Alps Resource Bankers Inc. (ALPS) and Amalgamated Resources Holdings, Inc. (ARH), both financial services companies in Palm Beach, Fla." />
<entity_link id="en8" fromID="o7" fromText="ARH" toID="o9" toText="Alps Resource Bankers Inc. (ALPS) and Amalgamated Resources Holdings, Inc. (ARH), both financial services companies in Palm Beach, Fla." />
<entity_link id="en9" fromID="p8" fromText="his father, Jadomanee 'Dutt' Rampadaruth, 66, of Palm Beach, Fla" toID="p0" toText="Father and son indicted for fraudulent internet bank guarantee scheme" />
<entity_link id="en10" fromID="p9" fromText="Jadomanee 'Dutt' Rampadaruth, 66, of Palm Beach, Fla" toID="p8" toText="his father, Jadomanee 'Dutt' Rampadaruth, 66, of Palm Beach, Fla" />
<entity_link id="en11" fromID="p10" fromText="his" toID="p5" toText="Amal Rampadaruth, 42" />
<entity_link id="en12" fromID="g3" fromText="Palm Beach, Fla" toID="g1" toText="Palm Beach, Fla." />
<entity_link id="en13" fromID="g4" fromText="Fla" toID="g2" toText="Fla." />
<entity_link id="en14" fromID="p11" fromText="both defendants" toID="p3" toText="defendants Amal Rampadaruth, 42, the president and CEO of Alps Resource Bankers Inc. (ALPS) and Amalgamated Resources Holdings, Inc. (ARH), both financial services companies in Palm Beach, Fla., and his father, Jadomanee 'Dutt' Rampadaruth, 66, of Palm Beach, Fla" />
<entity_link id="en15" fromID="p12" fromText="Amal Rampadaruth" toID="p5" toText="Amal Rampadaruth, 42" />
<entity_link id="en16" fromID="p13" fromText="Jadomanee Rampadaruth" toID="p9" toText="Jadomanee 'Dutt' Rampadaruth, 66, of Palm Beach, Fla" />
<entity_link id="en17" fromID="o11" fromText="two Florida corporations: Alps Resources Bankers, Inc., and Amalgamated Resources Holdings, Inc" toID="o10" toText="both financial services companies in Palm Beach, Fla." />
<entity_link id="en18" fromID="o12" fromText="Alps Resources Bankers, Inc." toID="o8" toText="Alps Resource Bankers Inc. (ALPS) and Amalgamated Resources Holdings, Inc. (ARH), both financial services companies in Palm Beach, Fla." />
<entity_link id="en19" fromID="o13" fromText="Amalgamated Resources Holdings, Inc." toID="o9" toText="Alps Resource Bankers Inc. (ALPS) and Amalgamated Resources Holdings, Inc. (ARH), both financial services companies in Palm Beach, Fla." />
<entity_link id="en20" fromID="g5" fromText="Florida" toID="g4" toText="Fla" />
<entity_link id="en21" fromID="p14" fromText="The defendants" toID="p11" toText="both defendants" />
<entity_link id="en22" fromID="p15" fromText="they" toID="p14" toText="The defendants" />
<entity_link id="en23" fromID="o15" fromText="ALPS" toID="o12" toText="Alps Resources Bankers, Inc." />
<entity_link id="en24" fromID="o16" fromText="ARH" toID="o13" toText="Amalgamated Resources Holdings, Inc." />
<entity_link id="en25" fromID="p16" fromText="They" toID="p15" toText="they" />
<entity_link id="en26" fromID="o17" fromText="bank" toID="o14" toText="bank" />
<entity_link id="en27" fromID="p18" fromText="The defendants" toID="p14" toText="The defendants" />
<entity_link id="en28" fromID="p19" fromText="their" toID="p18" toText="The defendants" />
<entity_link id="en29" fromID="p22" fromText="the defendants" toID="p18" toText="The defendants" />
<entity_link id="en30" fromID="p23" fromText="Victim N.P." toID="p21" toText="one victim of the defendants' fraud, identified in the indictment as 'Victim N.P." />
<entity_link id="en31" fromID="p24" fromText="the defendants" toID="p22" toText="the defendants" />
<entity_link id="en32" fromID="o21" fromText="bank" toID="o17" toText="bank" />
<entity_link id="en33" fromID="p25" fromText="The victim" toID="p21" toText="one victim of the defendants' fraud, identified in the indictment as 'Victim N.P." />
<entity_link id="en34" fromID="p26" fromText="The defendants" toID="p24" toText="the defendants" />
<entity_link id="en35" fromID="o23" fromText="bank" toID="o21" toText="bank" />
<entity_link id="en36" fromID="o24" fromText="Victim N.P.'s lender" toID="o22" toText="a domestic lender" />
<entity_link id="en37" fromID="p27" fromText="Victim N.P." toID="p23" toText="Victim N.P." />
<entity_link id="en38" fromID="p28" fromText="Victim N.P." toID="p27" toText="Victim N.P." />
<entity_link id="en39" fromID="p29" fromText="the defendants" toID="p26" toText="The defendants" />
<entity_link id="en40" fromID="p30" fromText="Victim N.P" toID="p28" toText="Victim N.P." />
<entity_link id="en41" fromID="p31" fromText="the defendants" toID="p29" toText="the defendants" />
<entity_link id="en42" fromID="p32" fromText="their" toID="p31" toText="the defendants" />
<entity_link id="en43" fromID="p34" fromText="R. Alexander Acosta" toID="p33" toText="R. Alexander Acosta, United States Attorney for the Southern District of Florida" />
<entity_link id="en44" fromID="p35" fromText="United States Attorney for the Southern District of Florida" toID="p34" toText="R. Alexander Acosta" />
<entity_link id="en45" fromID="o26" fromText="the Internal Revenue Service" toID="o3" toText="the Internal Revenue Service" />
<entity_link id="en46" fromID="o27" fromText="U.S. Immigration and Customs Enforcement" toID="o0" toText="U.S. Immigration and Customs Enforcement (ICE" />
<entity_link id="en47" fromID="g7" fromText="Florida" toID="g5" toText="Florida" />
<entity_link id="en48" fromID="g8" fromText="United States" toID="g6" toText="United States" />
<head_link id="he0" fromID="p0" fromText="Father and son indicted for fraudulent internet bank guarantee scheme" toID="h0" toText="Father" />
<head_link id="he1" fromID="p1" fromText="Father and son indicted for fraudulent internet bank guarantee scheme" toID="h1" toText="son" />
<head_link id="he2" fromID="p2" fromText="investors" toID="h2" toText="investors" />
<head_link id="he3" fromID="g0" fromText="MIAMI" toID="h3" toText="MIAMI" />
<head_link id="he4" fromID="o0" fromText="U.S. Immigration and Customs Enforcement (ICE" toID="h4" toText="U.S. Immigration and Customs Enforcement" />
<head_link id="he5" fromID="o1" fromText="ICE" toID="h5" toText="ICE" />
<head_link id="he6" fromID="o2" fromText="other law enforcement agencies, including the Internal Revenue Service" toID="h6" toText="agencies" />
<head_link id="he7" fromID="o3" fromText="the Internal Revenue Service" toID="h7" toText="Internal Revenue Service" />
<head_link id="he8" fromID="p3" fromText="defendants Amal Rampadaruth, 42, the president and CEO of Alps Resource Bankers Inc. (ALPS) and Amalgamated Resources Holdings, Inc. (ARH), both financial services companies in Palm Beach, Fla., and his father, Jadomanee 'Dutt' Rampadaruth, 66, of Palm Beach, Fla" toID="h8" toText="defendants" />
<head_link id="he10" fromID="p5" fromText="Amal Rampadaruth, 42" toID="h9" toText="Amal Rampadaruth" />
<head_link id="he11" fromID="p6" fromText="the president and CEO of Alps Resource Bankers Inc. (ALPS) and Amalgamated Resources Holdings, Inc. (ARH), both financial services companies in Palm Beach, Fla." toID="h10" toText="president" />
<head_link id="he12" fromID="p7" fromText="the president and CEO of Alps Resource Bankers Inc. (ALPS) and Amalgamated Resources Holdings, Inc. (ARH), both financial services companies in Palm Beach, Fla." toID="h11" toText="CEO" />
<head_link id="he14" fromID="o5" fromText="ALPS" toID="h13" toText="ALPS" />
<head_link id="he16" fromID="o7" fromText="ARH" toID="h15" toText="ARH" />
<head_link id="he17" fromID="o8" fromText="Alps Resource Bankers Inc. (ALPS) and Amalgamated Resources Holdings, Inc. (ARH), both financial services companies in Palm Beach, Fla." toID="h12" toText="Alps Resource Bankers Inc." />
<head_link id="he18" fromID="o9" fromText="Alps Resource Bankers Inc. (ALPS) and Amalgamated Resources Holdings, Inc. (ARH), both financial services companies in Palm Beach, Fla." toID="h14" toText="Amalgamated Resources Holdings, Inc." />
<head_link id="he19" fromID="o10" fromText="both financial services companies in Palm Beach, Fla." toID="h16" toText="companies" />
<head_link id="he20" fromID="g1" fromText="Palm Beach, Fla." toID="h17" toText="Palm Beach" />
<head_link id="he21" fromID="g2" fromText="Fla." toID="h18" toText="Fla." />
<head_link id="he22" fromID="p8" fromText="his father, Jadomanee 'Dutt' Rampadaruth, 66, of Palm Beach, Fla" toID="h19" toText="father" />
<head_link id="he23" fromID="p9" fromText="Jadomanee 'Dutt' Rampadaruth, 66, of Palm Beach, Fla" toID="h20" toText="Jadomanee 'Dutt' Rampadaruth" />
<head_link id="he24" fromID="p10" fromText="his" toID="h21" toText="his" />
<head_link id="he25" fromID="g3" fromText="Palm Beach, Fla" toID="h22" toText="Palm Beach" />
<head_link id="he26" fromID="g4" fromText="Fla" toID="h23" toText="Fla" />
<head_link id="he27" fromID="p11" fromText="both defendants" toID="h24" toText="defendants" />
<head_link id="he28" fromID="p12" fromText="Amal Rampadaruth" toID="h25" toText="Amal Rampadaruth" />
<head_link id="he29" fromID="p13" fromText="Jadomanee Rampadaruth" toID="h26" toText="Jadomanee Rampadaruth" />
<head_link id="he30" fromID="o11" fromText="two Florida corporations: Alps Resources Bankers, Inc., and Amalgamated Resources Holdings, Inc" toID="h27" toText="corporations" />
<head_link id="he31" fromID="o12" fromText="Alps Resources Bankers, Inc." toID="h28" toText="Alps Resources Bankers, Inc." />
<head_link id="he32" fromID="o13" fromText="Amalgamated Resources Holdings, Inc." toID="h29" toText="Amalgamated Resources Holdings, Inc." />
<head_link id="he33" fromID="g5" fromText="Florida" toID="h30" toText="Florida" />
<head_link id="he34" fromID="p14" fromText="The defendants" toID="h31" toText="defendants" />
<head_link id="he35" fromID="p15" fromText="they" toID="h32" toText="they" />
<head_link id="he36" fromID="o14" fromText="bank" toID="h33" toText="bank" />
<head_link id="he37" fromID="o15" fromText="ALPS" toID="h34" toText="ALPS" />
<head_link id="he38" fromID="o16" fromText="ARH" toID="h35" toText="ARH" />
<head_link id="he39" fromID="p16" fromText="They" toID="h36" toText="They" />
<head_link id="he40" fromID="o17" fromText="bank" toID="h37" toText="bank" />
<head_link id="he41" fromID="o18" fromText="foreign financial institutions" toID="h38" toText="institutions" />
<head_link id="he42" fromID="p17" fromText="purchasers" toID="h39" toText="purchasers" />
<head_link id="he43" fromID="o19" fromText="domestic financial institutions" toID="h40" toText="institutions" />
<head_link id="he44" fromID="o20" fromText="domestic lenders" toID="h41" toText="lenders" />
<head_link id="he45" fromID="p18" fromText="The defendants" toID="h42" toText="defendants" />
<head_link id="he46" fromID="p19" fromText="their" toID="h43" toText="their" />
<head_link id="he47" fromID="p21" fromText="one victim of the defendants' fraud, identified in the indictment as 'Victim N.P." toID="h44" toText="victim" />
<head_link id="he48" fromID="p22" fromText="the defendants" toID="h45" toText="defendants" />
<head_link id="he49" fromID="p23" fromText="Victim N.P." toID="h46" toText="Victim N.P." />
<head_link id="he50" fromID="p24" fromText="the defendants" toID="h47" toText="defendants" />
<head_link id="he51" fromID="o21" fromText="bank" toID="h48" toText="bank" />
<head_link id="he52" fromID="p25" fromText="The victim" toID="h49" toText="victim" />
<head_link id="he53" fromID="o22" fromText="a domestic lender" toID="h50" toText="lender" />
<head_link id="he54" fromID="p26" fromText="The defendants" toID="h51" toText="defendants" />
<head_link id="he55" fromID="o23" fromText="bank" toID="h52" toText="bank" />
<head_link id="he56" fromID="o24" fromText="Victim N.P.'s lender" toID="h53" toText="lender" />
<head_link id="he57" fromID="o24" fromText="Victim N.P.'s lender" toID="h54" toText="Victim N.P." />
<head_link id="he58" fromID="p28" fromText="Victim N.P." toID="h55" toText="Victim N.P." />
<head_link id="he59" fromID="p29" fromText="the defendants" toID="h56" toText="defendants" />
<head_link id="he60" fromID="p30" fromText="Victim N.P" toID="h57" toText="Victim N.P" />
<head_link id="he61" fromID="p31" fromText="the defendants" toID="h58" toText="defendants" />
<head_link id="he62" fromID="p32" fromText="their" toID="h59" toText="their" />
<head_link id="he63" fromID="p34" fromText="R. Alexander Acosta" toID="h60" toText="R. Alexander Acosta" />
<head_link id="he64" fromID="p35" fromText="United States Attorney for the Southern District of Florida" toID="h61" toText="Attorney" />
<head_link id="he65" fromID="g6" fromText="United States" toID="h62" toText="United States" />
<head_link id="he66" fromID="o25" fromText="the Southern District of Florida" toID="h63" toText="Southern District of Florida" />
<head_link id="he67" fromID="o26" fromText="the Internal Revenue Service" toID="h64" toText="Internal Revenue Service" />
<head_link id="he68" fromID="o27" fromText="U.S. Immigration and Customs Enforcement" toID="h65" toText="U.S. Immigration and Customs Enforcement" />
<head_link id="he69" fromID="o28" fromText="U.S. Postal Inspection Service" toID="h66" toText="U.S. Postal Inspection Service" />
<head_link id="he70" fromID="o29" fromText="the State of Florida - Office of Financial Regulation" toID="h67" toText="Office of Financial Regulation" />
<head_link id="he71" fromID="o30" fromText="the State of Florida" toID="h68" toText="State" />
<head_link id="he72" fromID="g7" fromText="Florida" toID="h69" toText="Florida" />
<head_link id="he73" fromID="o31" fromText="the Palm Beach Police Department" toID="h70" toText="Palm Beach Police Department" />
<head_link id="he74" fromID="p36" fromText="Assistant United States Attorneys Carolyn Bell and Antonia Barnes" toID="h71" toText="Carolyn Bell" />
<head_link id="he75" fromID="p37" fromText="Assistant United States Attorneys Carolyn Bell and Antonia Barnes" toID="h72" toText="Antonia Barnes" />
<head_link id="he76" fromID="p38" fromText="Assistant United States Attorneys" toID="h73" toText="Attorneys" />
<head_link id="he77" fromID="g8" fromText="United States" toID="h74" toText="United States" />
<head_link id="he78" fromID="o32" fromText="court" toID="h75" toText="court" />
<head_link id="he79" fromID="o33" fromText="the District Court for the Southern District of Florida" toID="h76" toText="District Court for the Southern District of Florida" />
<name_link id="na0" fromID="g0" fromText="MIAMI" toID="n0" toText="MIAMI" />
<name_link id="na1" fromID="o0" fromText="U.S. Immigration and Customs Enforcement (ICE" toID="n1" toText="U.S. Immigration and Customs Enforcement" />
<name_link id="na2" fromID="o1" fromText="ICE" toID="n2" toText="ICE" />
<name_link id="na3" fromID="o3" fromText="the Internal Revenue Service" toID="n3" toText="Internal Revenue Service" />
<name_link id="na5" fromID="p5" fromText="Amal Rampadaruth, 42" toID="n4" toText="Amal Rampadaruth" />
<name_link id="na7" fromID="o5" fromText="ALPS" toID="n6" toText="ALPS" />
<name_link id="na9" fromID="o7" fromText="ARH" toID="n8" toText="ARH" />
<name_link id="na10" fromID="o8" fromText="Alps Resource Bankers Inc. (ALPS) and Amalgamated Resources Holdings, Inc. (ARH), both financial services companies in Palm Beach, Fla." toID="n5" toText="Alps Resource Bankers Inc." />
<name_link id="na11" fromID="o9" fromText="Alps Resource Bankers Inc. (ALPS) and Amalgamated Resources Holdings, Inc. (ARH), both financial services companies in Palm Beach, Fla." toID="n7" toText="Amalgamated Resources Holdings, Inc." />
<name_link id="na12" fromID="g1" fromText="Palm Beach, Fla." toID="n9" toText="Palm Beach" />
<name_link id="na13" fromID="g2" fromText="Fla." toID="n10" toText="Fla." />
<name_link id="na14" fromID="p9" fromText="Jadomanee 'Dutt' Rampadaruth, 66, of Palm Beach, Fla" toID="n11" toText="Jadomanee 'Dutt' Rampadaruth" />
<name_link id="na15" fromID="g3" fromText="Palm Beach, Fla" toID="n12" toText="Palm Beach" />
<name_link id="na16" fromID="g4" fromText="Fla" toID="n13" toText="Fla" />
<name_link id="na17" fromID="p12" fromText="Amal Rampadaruth" toID="n14" toText="Amal Rampadaruth" />
<name_link id="na18" fromID="p13" fromText="Jadomanee Rampadaruth" toID="n15" toText="Jadomanee Rampadaruth" />
<name_link id="na19" fromID="o12" fromText="Alps Resources Bankers, Inc." toID="n16" toText="Alps Resources Bankers, Inc." />
<name_link id="na20" fromID="o13" fromText="Amalgamated Resources Holdings, Inc." toID="n17" toText="Amalgamated Resources Holdings, Inc." />
<name_link id="na21" fromID="g5" fromText="Florida" toID="n18" toText="Florida" />
<name_link id="na22" fromID="o15" fromText="ALPS" toID="n19" toText="ALPS" />
<name_link id="na23" fromID="o16" fromText="ARH" toID="n20" toText="ARH" />
<name_link id="na24" fromID="p23" fromText="Victim N.P." toID="n21" toText="Victim N.P." />
<name_link id="na25" fromID="o24" fromText="Victim N.P.'s lender" toID="n22" toText="Victim N.P." />
<name_link id="na26" fromID="p28" fromText="Victim N.P." toID="n23" toText="Victim N.P." />
<name_link id="na27" fromID="p30" fromText="Victim N.P" toID="n24" toText="Victim N.P" />
<name_link id="na28" fromID="p34" fromText="R. Alexander Acosta" toID="n25" toText="R. Alexander Acosta" />
<name_link id="na29" fromID="g6" fromText="United States" toID="n26" toText="United States" />
<name_link id="na30" fromID="o25" fromText="the Southern District of Florida" toID="n27" toText="Southern District of Florida" />
<name_link id="na31" fromID="o26" fromText="the Internal Revenue Service" toID="n28" toText="Internal Revenue Service" />
<name_link id="na32" fromID="o27" fromText="U.S. Immigration and Customs Enforcement" toID="n29" toText="U.S. Immigration and Customs Enforcement" />
<name_link id="na33" fromID="o28" fromText="U.S. Postal Inspection Service" toID="n30" toText="U.S. Postal Inspection Service" />
<name_link id="na34" fromID="o29" fromText="the State of Florida - Office of Financial Regulation" toID="n31" toText="Office of Financial Regulation" />
<name_link id="na35" fromID="g7" fromText="Florida" toID="n32" toText="Florida" />
<name_link id="na36" fromID="o31" fromText="the Palm Beach Police Department" toID="n33" toText="Palm Beach Police Department" />
<name_link id="na37" fromID="p36" fromText="Assistant United States Attorneys Carolyn Bell and Antonia Barnes" toID="n34" toText="Carolyn Bell" />
<name_link id="na38" fromID="p37" fromText="Assistant United States Attorneys Carolyn Bell and Antonia Barnes" toID="n35" toText="Antonia Barnes" />
<name_link id="na39" fromID="g8" fromText="United States" toID="n36" toText="United States" />
<name_link id="na40" fromID="o33" fromText="the District Court for the Southern District of Florida" toID="n37" toText="District Court for the Southern District of Florida" />
<relation_link1 id="r0" fromID="e0" fromText="the president and CEO of Alps Resource Bankers Inc. (ALPS) and Amalgamated Resources Holdings, Inc. (ARH), both financial services companies in Palm Beach, Fla." toID="p6" toText="the president and CEO of Alps Resource Bankers Inc. (ALPS) and Amalgamated Resources Holdings, Inc. (ARH), both financial services companies in Palm Beach, Fla." />
<relation_link1 id="r1" fromID="e1" fromText="the president and CEO of Alps Resource Bankers Inc. (ALPS) and Amalgamated Resources Holdings, Inc. (ARH), both financial services companies in Palm Beach, Fla." toID="p6" toText="the president and CEO of Alps Resource Bankers Inc. (ALPS) and Amalgamated Resources Holdings, Inc. (ARH), both financial services companies in Palm Beach, Fla." />
<relation_link1 id="r2" fromID="e2" fromText="the president and CEO of Alps Resource Bankers Inc. (ALPS) and Amalgamated Resources Holdings, Inc. (ARH), both financial services companies in Palm Beach, Fla." toID="p7" toText="the president and CEO of Alps Resource Bankers Inc. (ALPS) and Amalgamated Resources Holdings, Inc. (ARH), both financial services companies in Palm Beach, Fla." />
<relation_link1 id="r3" fromID="e3" fromText="the president and CEO of Alps Resource Bankers Inc. (ALPS) and Amalgamated Resources Holdings, Inc. (ARH), both financial services companies in Palm Beach, Fla." toID="p7" toText="the president and CEO of Alps Resource Bankers Inc. (ALPS) and Amalgamated Resources Holdings, Inc. (ARH), both financial services companies in Palm Beach, Fla." />
<relation_link1 id="r4" fromID="C0" fromText="Jadomanee 'Dutt' Rampadaruth, 66, of Palm Beach, Fla" toID="p9" toText="Jadomanee 'Dutt' Rampadaruth, 66, of Palm Beach, Fla" />
<relation_link1 id="r5" fromID="e4" fromText="United States Attorney for the Southern District of Florida" toID="p35" toText="United States Attorney for the Southern District of Florida" />
<relation_link1 id="r6" fromID="M0" fromText="United States Attorney for the Southern District of Florida" toID="p35" toText="United States Attorney for the Southern District of Florida" />
<relation_link1 id="r7" fromID="e5" fromText="Assistant United States Attorneys" toID="p38" toText="Assistant United States Attorneys" />
<relation_link2 id="re0" fromID="e0" fromText="the president and CEO of Alps Resource Bankers Inc. (ALPS) and Amalgamated Resources Holdings, Inc. (ARH), both financial services companies in Palm Beach, Fla." toID="o8" toText="Alps Resource Bankers Inc. (ALPS) and Amalgamated Resources Holdings, Inc. (ARH), both financial services companies in Palm Beach, Fla." />
<relation_link2 id="re1" fromID="e1" fromText="the president and CEO of Alps Resource Bankers Inc. (ALPS) and Amalgamated Resources Holdings, Inc. (ARH), both financial services companies in Palm Beach, Fla." toID="o9" toText="Alps Resource Bankers Inc. (ALPS) and Amalgamated Resources Holdings, Inc. (ARH), both financial services companies in Palm Beach, Fla." />
<relation_link2 id="re2" fromID="e2" fromText="the president and CEO of Alps Resource Bankers Inc. (ALPS) and Amalgamated Resources Holdings, Inc. (ARH), both financial services companies in Palm Beach, Fla." toID="o8" toText="Alps Resource Bankers Inc. (ALPS) and Amalgamated Resources Holdings, Inc. (ARH), both financial services companies in Palm Beach, Fla." />
<relation_link2 id="re3" fromID="e3" fromText="the president and CEO of Alps Resource Bankers Inc. (ALPS) and Amalgamated Resources Holdings, Inc. (ARH), both financial services companies in Palm Beach, Fla." toID="o9" toText="Alps Resource Bankers Inc. (ALPS) and Amalgamated Resources Holdings, Inc. (ARH), both financial services companies in Palm Beach, Fla." />
<relation_link2 id="re4" fromID="C0" fromText="Jadomanee 'Dutt' Rampadaruth, 66, of Palm Beach, Fla" toID="g3" toText="Palm Beach, Fla" />
<relation_link2 id="re5" fromID="e4" fromText="United States Attorney for the Southern District of Florida" toID="g6" toText="United States" />
<relation_link2 id="re6" fromID="M0" fromText="United States Attorney for the Southern District of Florida" toID="o25" toText="the Southern District of Florida" />
<relation_link2 id="re7" fromID="e5" fromText="Assistant United States Attorneys" toID="g8" toText="United States" />
</TAGS>
</KddTask>