<?xml version="1.0" encoding="UTF-8" ?>
<KddTask>
<TEXT><![CDATA[
U.S. Border Patrol Agents Seize more than $1.3 Million in Cocaine at Highway 86 Checkpoint
(Friday, April 30, 2010)
Indio, Calif.  - United States Border Patrol agents assigned to the Indio station seized a cocaine shipment on Friday with an estimated street value of $1.3 million.
Agents working at the checkpoint on Highway 86 performed an immigration inspection of aclick for hi-res
Border Patrol agents assigned to the Indio station seized this cocaine shipment with an estimated street value of $1.3 million.
43-year-old male U.S. citizen driving a red Ford Mustang. During the inspection, a canine team alerted to the vehicle. When agents investigated further they found several packages wrapped in black electrical tape hidden in a compartment built below the rear seat.
The driver, vehicle and cocaine were turned over to the Drug Enforcement Administration.
So far this fiscal year, the El Centro Sector Border Patrol has seized approximately 850 pounds of cocaine as compared to 170 pounds of cocaine seized during fiscal year 2009.
]]></TEXT>
<TAGS>
<person id="p0" start="1" end="26" text="U.S. Border Patrol Agents" TYPE="BAR" />
<person id="p1" start="134" end="198" text="United States Border Patrol agents assigned to the Indio station" TYPE="BAR" />
<person id="p2" start="283" end="329" text="Agents working at the checkpoint on Highway 86" TYPE="BAR" />
<person id="p4" start="387" end="437" text="Border Patrol agents assigned to the Indio station" TYPE="BAR" />
<person id="p5" start="515" end="571" text="43-year-old male U.S. citizen driving a red Ford Mustang" TYPE="BAR" />
<person id="p6" start="639" end="645" text="agents" TYPE="BAR" />
<person id="p7" start="667" end="671" text="they" TYPE="PRO" />
<person id="p8" start="779" end="789" text="The driver" TYPE="NOM" />
<organization id="o0" start="1" end="19" text="U.S. Border Patrol" TYPE="NAMPRE" />
<organization id="o1" start="134" end="161" text="United States Border Patrol" TYPE="NAMPRE" />
<organization id="o2" start="387" end="400" text="Border Patrol" TYPE="NAMPRE" />
<organization id="o3" start="831" end="866" text="the Drug Enforcement Administration" TYPE="NAM" />
<organization id="o4" start="893" end="927" text="the El Centro Sector Border Patrol" TYPE="NAM" />
<geographical-political id="g0" start="117" end="129" text="Indio, Calif" TYPE="NAM" />
<geographical-political id="g1" start="124" end="129" text="Calif" TYPE="NAM" />
<geographical-political id="g2" start="532" end="536" text="U.S." TYPE="NAMPRE" />
<falicity id="f0" start="70" end="91" text="Highway 86 Checkpoint" TYPE="BAR" />
<falicity id="f1" start="70" end="80" text="Highway 86" TYPE="NAMPRE" />
<falicity id="f2" start="181" end="198" text="the Indio station" TYPE="NAM" />
<falicity id="f3" start="301" end="329" text="the checkpoint on Highway 86" TYPE="NOM" />
<falicity id="f4" start="319" end="329" text="Highway 86" TYPE="NAM" />
<falicity id="f5" start="420" end="437" text="the Indio station" TYPE="NAM" />
<head id="h0" start="20" end="26" text="Agents" />
<head id="h1" start="1" end="19" text="U.S. Border Patrol" />
<head id="h2" start="81" end="91" text="Checkpoint" />
<head id="h3" start="70" end="80" text="Highway 86" />
<head id="h4" start="117" end="122" text="Indio" />
<head id="h5" start="124" end="129" text="Calif" />
<head id="h6" start="162" end="168" text="agents" />
<head id="h7" start="134" end="161" text="United States Border Patrol" />
<head id="h8" start="185" end="198" text="Indio station" />
<head id="h9" start="283" end="289" text="Agents" />
<head id="h10" start="305" end="315" text="checkpoint" />
<head id="h11" start="319" end="329" text="Highway 86" />
<head id="h12" start="401" end="407" text="agents" />
<head id="h13" start="387" end="400" text="Border Patrol" />
<head id="h14" start="424" end="437" text="Indio station" />
<head id="h15" start="537" end="544" text="citizen" />
<head id="h16" start="532" end="536" text="U.S." />
<head id="h17" start="639" end="645" text="agents" />
<head id="h18" start="667" end="671" text="they" />
<head id="h19" start="783" end="789" text="driver" />
<head id="h20" start="835" end="866" text="Drug Enforcement Administration" />
<head id="h21" start="897" end="927" text="El Centro Sector Border Patrol" />
<name id="n0" start="1" end="19" text="U.S. Border Patrol" />
<name id="n1" start="70" end="80" text="Highway 86" />
<name id="n2" start="117" end="122" text="Indio" />
<name id="n3" start="124" end="129" text="Calif" />
<name id="n4" start="134" end="161" text="United States Border Patrol" />
<name id="n5" start="185" end="198" text="Indio station" />
<name id="n6" start="319" end="329" text="Highway 86" />
<name id="n7" start="387" end="400" text="Border Patrol" />
<name id="n8" start="424" end="437" text="Indio station" />
<name id="n9" start="532" end="536" text="U.S." />
<name id="n10" start="835" end="866" text="Drug Enforcement Administration" />
<name id="n11" start="897" end="927" text="El Centro Sector Border Patrol" />
<located-mention id="lo0" start="1" end="91" text="U.S. Border Patrol Agents Seize more than $1.3 Million in Cocaine at Highway 86 Checkpoint" TYPE="Other" />
<located-mention id="lo1" start="134" end="198" text="United States Border Patrol agents assigned to the Indio station" TYPE="Participial" />
<located-mention id="lo2" start="283" end="329" text="Agents working at the checkpoint on Highway 86" TYPE="Participial" />
<located-mention id="lo3" start="387" end="437" text="Border Patrol agents assigned to the Indio station" TYPE="Participial" />
<CRRE id="C0" start="515" end="571" text="43-year-old male U.S. citizen driving a red Ford Mustang" TYPE="PreMod" />
<M id="M0" start="1" end="26" text="U.S. Border Patrol Agents" TYPE="PreMod" />
<M id="M1" start="134" end="198" text="United States Border Patrol agents assigned to the Indio station" TYPE="PreMod" />
<M id="M2" start="387" end="437" text="Border Patrol agents assigned to the Indio station" TYPE="PreMod" />
<entity_link id="en0" fromID="p1" fromText="United States Border Patrol agents assigned to the Indio station" toID="p0" toText="U.S. Border Patrol Agents" />
<entity_link id="en1" fromID="o1" fromText="United States Border Patrol" toID="o0" toText="U.S. Border Patrol" />
<entity_link id="en2" fromID="f3" fromText="the checkpoint on Highway 86" toID="f0" toText="Highway 86 Checkpoint" />
<entity_link id="en3" fromID="f4" fromText="Highway 86" toID="f1" toText="Highway 86" />
<entity_link id="en4" fromID="p2" fromText="Agents working at the checkpoint on Highway 86" toID="p1" toText="United States Border Patrol agents assigned to the Indio station" />
<entity_link id="en6" fromID="o2" fromText="Border Patrol" toID="o1" toText="United States Border Patrol" />
<entity_link id="en7" fromID="p4" fromText="Border Patrol agents assigned to the Indio station" toID="p1" toText="United States Border Patrol agents assigned to the Indio station" />
<entity_link id="en8" fromID="p6" fromText="agents" toID="p2" toText="Agents working at the checkpoint on Highway 86" />
<entity_link id="en9" fromID="p7" fromText="they" toID="p6" toText="agents" />
<entity_link id="en10" fromID="p8" fromText="The driver" toID="p5" toText="43-year-old male U.S. citizen driving a red Ford Mustang" />
<head_link id="he0" fromID="p0" fromText="U.S. Border Patrol Agents" toID="h0" toText="Agents" />
<head_link id="he1" fromID="o0" fromText="U.S. Border Patrol" toID="h1" toText="U.S. Border Patrol" />
<head_link id="he2" fromID="f0" fromText="Highway 86 Checkpoint" toID="h2" toText="Checkpoint" />
<head_link id="he3" fromID="f1" fromText="Highway 86" toID="h3" toText="Highway 86" />
<head_link id="he4" fromID="g0" fromText="Indio, Calif" toID="h4" toText="Indio" />
<head_link id="he5" fromID="g1" fromText="Calif" toID="h5" toText="Calif" />
<head_link id="he6" fromID="p1" fromText="United States Border Patrol agents assigned to the Indio station" toID="h6" toText="agents" />
<head_link id="he7" fromID="o1" fromText="United States Border Patrol" toID="h7" toText="United States Border Patrol" />
<head_link id="he8" fromID="f2" fromText="the Indio station" toID="h8" toText="Indio station" />
<head_link id="he9" fromID="p2" fromText="Agents working at the checkpoint on Highway 86" toID="h9" toText="Agents" />
<head_link id="he10" fromID="f3" fromText="the checkpoint on Highway 86" toID="h10" toText="checkpoint" />
<head_link id="he11" fromID="f4" fromText="Highway 86" toID="h11" toText="Highway 86" />
<head_link id="he13" fromID="p4" fromText="Border Patrol agents assigned to the Indio station" toID="h12" toText="agents" />
<head_link id="he14" fromID="o2" fromText="Border Patrol" toID="h13" toText="Border Patrol" />
<head_link id="he15" fromID="f5" fromText="the Indio station" toID="h14" toText="Indio station" />
<head_link id="he16" fromID="p5" fromText="43-year-old male U.S. citizen driving a red Ford Mustang" toID="h15" toText="citizen" />
<head_link id="he17" fromID="g2" fromText="U.S." toID="h16" toText="U.S." />
<head_link id="he18" fromID="p6" fromText="agents" toID="h17" toText="agents" />
<head_link id="he19" fromID="p7" fromText="they" toID="h18" toText="they" />
<head_link id="he20" fromID="p8" fromText="The driver" toID="h19" toText="driver" />
<head_link id="he21" fromID="o3" fromText="the Drug Enforcement Administration" toID="h20" toText="Drug Enforcement Administration" />
<head_link id="he22" fromID="o4" fromText="the El Centro Sector Border Patrol" toID="h21" toText="El Centro Sector Border Patrol" />
<name_link id="na0" fromID="o0" fromText="U.S. Border Patrol" toID="n0" toText="U.S. Border Patrol" />
<name_link id="na1" fromID="f1" fromText="Highway 86" toID="n1" toText="Highway 86" />
<name_link id="na2" fromID="g0" fromText="Indio, Calif" toID="n2" toText="Indio" />
<name_link id="na3" fromID="g1" fromText="Calif" toID="n3" toText="Calif" />
<name_link id="na4" fromID="o1" fromText="United States Border Patrol" toID="n4" toText="United States Border Patrol" />
<name_link id="na5" fromID="f2" fromText="the Indio station" toID="n5" toText="Indio station" />
<name_link id="na6" fromID="f4" fromText="Highway 86" toID="n6" toText="Highway 86" />
<name_link id="na7" fromID="o2" fromText="Border Patrol" toID="n7" toText="Border Patrol" />
<name_link id="na8" fromID="f5" fromText="the Indio station" toID="n8" toText="Indio station" />
<name_link id="na9" fromID="g2" fromText="U.S." toID="n9" toText="U.S." />
<name_link id="na10" fromID="o3" fromText="the Drug Enforcement Administration" toID="n10" toText="Drug Enforcement Administration" />
<name_link id="na11" fromID="o4" fromText="the El Centro Sector Border Patrol" toID="n11" toText="El Centro Sector Border Patrol" />
<relation_link1 id="r0" fromID="M0" fromText="U.S. Border Patrol Agents" toID="p0" toText="U.S. Border Patrol Agents" />
<relation_link1 id="r2" fromID="M1" fromText="United States Border Patrol agents assigned to the Indio station" toID="p1" toText="United States Border Patrol agents assigned to the Indio station" />
<relation_link1 id="r3" fromID="lo0" fromText="U.S. Border Patrol Agents Seize more than $1.3 Million in Cocaine at Highway 86 Checkpoint" toID="p0" toText="U.S. Border Patrol Agents" />
<relation_link1 id="r4" fromID="lo1" fromText="United States Border Patrol agents assigned to the Indio station" toID="p1" toText="United States Border Patrol agents assigned to the Indio station" />
<relation_link1 id="r5" fromID="lo2" fromText="Agents working at the checkpoint on Highway 86" toID="p2" toText="Agents working at the checkpoint on Highway 86" />
<relation_link1 id="r6" fromID="M2" fromText="Border Patrol agents assigned to the Indio station" toID="p4" toText="Border Patrol agents assigned to the Indio station" />
<relation_link1 id="r7" fromID="lo3" fromText="Border Patrol agents assigned to the Indio station" toID="p4" toText="Border Patrol agents assigned to the Indio station" />
<relation_link1 id="r1" fromID="C0" fromText="43-year-old male U.S. citizen driving a red Ford Mustang" toID="p5" toText="43-year-old male U.S. citizen driving a red Ford Mustang" />
<relation_link2 id="re0" fromID="M0" fromText="U.S. Border Patrol Agents" toID="o0" toText="U.S. Border Patrol" />
<relation_link2 id="re2" fromID="M1" fromText="United States Border Patrol agents assigned to the Indio station" toID="o1" toText="United States Border Patrol" />
<relation_link2 id="re3" fromID="lo0" fromText="U.S. Border Patrol Agents Seize more than $1.3 Million in Cocaine at Highway 86 Checkpoint" toID="f0" toText="Highway 86 Checkpoint" />
<relation_link2 id="re4" fromID="lo1" fromText="United States Border Patrol agents assigned to the Indio station" toID="f2" toText="the Indio station" />
<relation_link2 id="re5" fromID="lo2" fromText="Agents working at the checkpoint on Highway 86" toID="f3" toText="the checkpoint on Highway 86" />
<relation_link2 id="re6" fromID="M2" fromText="Border Patrol agents assigned to the Indio station" toID="o2" toText="Border Patrol" />
<relation_link2 id="re7" fromID="lo3" fromText="Border Patrol agents assigned to the Indio station" toID="f5" toText="the Indio station" />
<relation_link2 id="re1" fromID="C0" fromText="43-year-old male U.S. citizen driving a red Ford Mustang" toID="g2" toText="U.S." />
</TAGS>
</KddTask>