<?xml version="1.0" encoding="UTF-8" ?>
<KddTask>
<TEXT><![CDATA[
U.S. Customs Aircraft to Provide Security for National Capital Region and Super Bowl
(Thursday, January 23, 2003)
WASHINGTON, DC--The U.S. Customs Air and Marine Interdiction Division continues to play a crucial role in anti-terrorism
homeland security. Starting this week, U.S. Customs aircraft will begin flying patrols over the National Capital Region to protect the White House, U.S. Capitol, and Pentagon.
On January 27, the National Capital Region Coordination Center (NCRCC) will begin operations in the Washington, DC area to enhance airspace security for the National Capital Region. Participants in the NCRCC include U.S. Customs, FAA, TSA, Secret Service, DoD, U.S. Park Police, FEMA, U.S. Capitol Police, and local law enforcement agencies. The NCRCC will coordinate the activities of all agency assets and facilitate the exchange of information among participants.
On Sunday, January 26, Customs aircraft will patrol the skies above San Diego during the Super Bowl. Customs aircraft will provide assistance sorting, intercepting and tracking suspect aircraft approaching the temporary flight restriction airspace during the big game.
Formed in the early 1970s, the mission of the Customs Air and Marine Interdiction Division is to protect the nation's borders and the American people from illicit drugs and other contraband destined for the U.S. That mission continues. However, since the events of 9
11, Customs top priority has shifted to preventing terrorists and their tools from entering the country. As a result, the AMID mission has expanded to incorporate a much more significant role in homeland security.
In the days following the September 11, 2001 terrorist attacks, the Customs Air and Marine Interdiction Division (AMID) provided numerous flights to support the transportation needs of Customs officials and other federal law enforcement agencies.
Following the Federal Aviation Administration's (FAA) grounding of all commercial traffic, only military and law enforcement aircraft were permitted in the air. All Customs air branches were involved in the effort to ensure that critically needed personnel and equipment were transported throughout the United States.
The Customs Air and Marine Interdiction Coordination Center (AMICC) in Riverside, Calif. was instrumental in reestablishing and intensifying airspace security over the nation's skies by providing seamless radar detection, sorting and monitoring in support of national security.
AMID continues to support homeland security in several ways:
The AMICC is working in concert with North American Aerospace Defense Command (NORAD) to monitor U.S. borders and assist in tracking and identifying suspect aircraft.
Customs P-3 aircraft provide surveillance flights in support of NORAD, including presidential airspace security.
Customs aircraft and vessels patrol the skies, land borders, and coasts in support of homeland security and support other federal law enforcement agencies such as the FBI, ATF and Secret Service counter-terrorism operation.
Strategic planners at AMID headquarters are active participants in the Interagency Homeland Air Security Steering Group, which is tasked with developing the nation's homeland security strategy and operational concept. AMID also played a key role in forming the air security plan for the National Capital Region.
U.S. Customs aircraft enforced airspace security during the 2002 Winter Olympics in Salt Lake City. AMID officials developed a complex airspace security plan, designed the Airspace Security Operations Center at Hill Air Force Base, and provided 10 aircraft and more than 100 personnel to execute the mission. Many of the lessons learned during the 2002 Winter Olympics are being employed in the National Capital Region.
In July, AMID took part in a daylong exercise to evaluate radar coverage in the National Capital Region and identify needed improvements. The Customs situation room served as the coordination center during the exercise. In September, Customs aircraft and crews participated in Clear Skies II in the National Capital Region to ensure security during the anniversary of the September 11 terrorist attacks. Customs aircraft and crews conducted patrols in the skies above the nation's capital and Customs Detection System Specialists performed aircraft sorting duties during the exercise and operational evolution.
Customs aircraft played a critical role during the DC-area sniper investigation late last year. Customs Blackhawk helicopters flew day and night to support federal, state and local law enforcement agencies investigating the deadly sniper attacks.
AMID also plays a role in combating possible nuclear terrorism threats to the United States by providing air assets to support Department of Energy mission requirements.
Media Services
CBP Public Affairs
Phone:
(202) 344-1780
 or
(800) 826-1471
CBP Headquarters
Office of Public Affairs
1300 Pennsylvania Ave., N.W.
Room 3.4A
Washington, DC 20229
Phone:
(202) 344-1780
 or
(800) 826-1471
Fax:
(202) 344-1393prev | next(7 of 33)back to January 2003How to
Use the Website Featured RSS LinksWhat's NewContactsPortsQuestions/ComplaintsFormsSitemapEEO/DCR  |FOIA  |Privacy Statement  |Get Plugins  |En EspaolDepartment of
Homeland SecurityUSA.gov
Inquiries (877) CBP-5511 | International Callers (703) 526-4200 | TTD (866) 880-6582  | Media Only (202) 344-1780 <
]]></TEXT>
<TAGS>
<person id="p0" start="1466" end="1476" text="terrorists" TYPE="BAR" />
<person id="p1" start="1481" end="1486" text="their" TYPE="PRO" />
<person id="p2" start="1674" end="1683" text="terrorist" TYPE="BAR" />
<person id="p3" start="1814" end="1831" text="Customs officials" TYPE="BAR" />
<person id="p4" start="2105" end="2132" text="critically needed personnel" TYPE="BAR" />
<person id="p5" start="3037" end="3076" text="Strategic planners at AMID headquarters" TYPE="BAR" />
<person id="p7" start="3081" end="3253" text="active participants in the Interagency Homeland Air Security Steering Group, which is tasked with developing the nation's homeland security strategy and operational concept" TYPE="BAR" />
<person id="p8" start="3449" end="3463" text="AMID officials" TYPE="BAR" />
<person id="p9" start="3610" end="3633" text="more than 100 personnel" TYPE="NAM" />
<person id="p10" start="4003" end="4029" text="Customs aircraft and crews" TYPE="BAR" />
<person id="p6" start="4154" end="4163" text="terrorist" TYPE="BAR" />
<person id="p11" start="4173" end="4199" text="Customs aircraft and crews" TYPE="BAR" />
<person id="p12" start="4262" end="4298" text="Customs Detection System Specialists" TYPE="BAR" />
<organization id="o0" start="1" end="13" text="U.S. Customs" TYPE="NAM" />
<organization id="o1" start="131" end="184" text="The U.S. Customs Air and Marine Interdiction Division" TYPE="NAM" />
<organization id="o2" start="275" end="287" text="U.S. Customs" TYPE="NAMPRE" />
<organization id="o8" start="427" end="481" text="the National Capital Region Coordination Center (NCRCC" TYPE="NAM" />
<organization id="o9" start="476" end="481" text="NCRCC" TYPE="NAM" />
<organization id="o11" start="594" end="606" text="Participants" TYPE="BAR" />
<organization id="o12" start="628" end="640" text="U.S. Customs" TYPE="NAM" />
<organization id="o13" start="642" end="645" text="FAA" TYPE="NAM" />
<organization id="o14" start="647" end="650" text="TSA" TYPE="NAM" />
<organization id="o15" start="652" end="666" text="Secret Service" TYPE="NAM" />
<organization id="o16" start="668" end="671" text="DoD" TYPE="NAM" />
<organization id="o18" start="673" end="689" text="U.S. Park Police" TYPE="NAM" />
<organization id="o19" start="691" end="695" text="FEMA" TYPE="NAM" />
<organization id="o20" start="697" end="716" text="U.S. Capitol Police" TYPE="NAM" />
<organization id="o21" start="722" end="752" text="local law enforcement agencies" TYPE="BAR" />
<organization id="o3" start="754" end="763" text="The NCRCC" TYPE="NAM" />
<organization id="o4" start="610" end="619" text="the NCRCC" TYPE="NAM" />
<organization id="o10" start="802" end="808" text="agency" TYPE="BAR" />
<organization id="o17" start="865" end="877" text="participants" TYPE="BAR" />
<organization id="o22" start="902" end="909" text="Customs" TYPE="NAM" />
<organization id="o23" start="980" end="987" text="Customs" TYPE="NAM" />
<organization id="o24" start="1190" end="1238" text="the Customs Air and Marine Interdiction Division" TYPE="NAM" />
<organization id="o25" start="1419" end="1426" text="Customs" TYPE="NAM" />
<organization id="o26" start="1533" end="1541" text="the AMID" TYPE="NAMPRE" />
<organization id="o27" start="1693" end="1747" text="the Customs Air and Marine Interdiction Division (AMID" TYPE="NAM" />
<organization id="o28" start="1743" end="1747" text="AMID" TYPE="NAM" />
<organization id="o29" start="1814" end="1821" text="Customs" TYPE="NAM" />
<organization id="o30" start="1836" end="1874" text="other federal law enforcement agencies" TYPE="BAR" />
<organization id="o31" start="1886" end="1928" text="the Federal Aviation Administration's (FAA" TYPE="NAM" />
<organization id="o32" start="1925" end="1928" text="FAA" TYPE="NAM" />
<organization id="o33" start="2041" end="2048" text="Customs" TYPE="NAM" />
<organization id="o34" start="2194" end="2282" text="The Customs Air and Marine Interdiction Coordination Center (AMICC) in Riverside, Calif." TYPE="NAM" />
<organization id="o35" start="2255" end="2260" text="AMICC" TYPE="NAM" />
<organization id="o36" start="2472" end="2476" text="AMID" TYPE="NAM" />
<organization id="o37" start="2533" end="2542" text="The AMICC" TYPE="NAM" />
<organization id="o39" start="2570" end="2617" text="North American Aerospace Defense Command (NORAD" TYPE="NAM" />
<organization id="o40" start="2612" end="2617" text="NORAD" TYPE="NAM" />
<organization id="o41" start="2700" end="2707" text="Customs" TYPE="NAMPRE" />
<organization id="o42" start="2764" end="2769" text="NORAD" TYPE="NAM" />
<organization id="o43" start="2813" end="2820" text="Customs" TYPE="NAM" />
<organization id="o44" start="2929" end="2967" text="other federal law enforcement agencies" TYPE="BAR" />
<organization id="o45" start="2980" end="2983" text="FBI" TYPE="NAM" />
<organization id="o46" start="2985" end="2988" text="ATF" TYPE="NAM" />
<organization id="o47" start="2993" end="3007" text="Secret Service" TYPE="NAM" />
<organization id="o48" start="3059" end="3063" text="AMID" TYPE="NAM" />
<organization id="o50" start="3104" end="3253" text="the Interagency Homeland Air Security Steering Group, which is tasked with developing the nation's homeland security strategy and operational concept" TYPE="NAM" />
<organization id="o51" start="3158" end="3163" text="which" TYPE="WHQ" />
<organization id="o52" start="3255" end="3259" text="AMID" TYPE="NAM" />
<organization id="o53" start="3349" end="3361" text="U.S. Customs" TYPE="NAMPRE" />
<organization id="o54" start="3449" end="3453" text="AMID" TYPE="NAMPRE" />
<organization id="o55" start="3517" end="3579" text="the Airspace Security Operations Center at Hill Air Force Base" TYPE="NAM" />
<organization id="o56" start="3778" end="3782" text="AMID" TYPE="NAM" />
<organization id="o57" start="3911" end="3918" text="Customs" TYPE="NAMPRE" />
<organization id="o58" start="4003" end="4010" text="Customs" TYPE="NAMPRE" />
<organization id="o38" start="4173" end="4180" text="Customs" TYPE="NAMPRE" />
<organization id="o49" start="4262" end="4269" text="Customs" TYPE="NAMPRE" />
<organization id="o59" start="4380" end="4387" text="Customs" TYPE="NAMPRE" />
<organization id="o60" start="4476" end="4483" text="Customs" TYPE="NAMPRE" />
<organization id="o61" start="4536" end="4585" text="federal, state and local law enforcement agencies" TYPE="BAR" />
<organization id="o62" start="4627" end="4631" text="AMID" TYPE="NAMPRE" />
<organization id="o63" start="4754" end="4774" text="Department of Energy" TYPE="NAMPRE" />
<organization id="o64" start="4812" end="4830" text="CBP Public Affairs" TYPE="NAM" />
<organization id="o65" start="4872" end="4875" text="CBP" TYPE="NAMPRE" />
<organization id="o66" start="4889" end="4913" text="Office of Public Affairs" TYPE="NAM" />
<geographical-political id="g0" start="115" end="129" text="WASHINGTON, DC" TYPE="NAM" />
<geographical-political id="g1" start="512" end="526" text="Washington, DC" TYPE="NAMPRE" />
<geographical-political id="g2" start="947" end="956" text="San Diego" TYPE="NAM" />
<geographical-political id="g3" start="1253" end="1263" text="the nation" TYPE="NOM" />
<geographical-political id="g4" start="1278" end="1297" text="the American people" TYPE="NOM" />
<geographical-political id="g5" start="1282" end="1290" text="American" TYPE="NAM" />
<geographical-political id="g6" start="1351" end="1358" text="the U.S" TYPE="NAM" />
<geographical-political id="g7" start="1507" end="1518" text="the country" TYPE="NOM" />
<geographical-political id="g8" start="2175" end="2192" text="the United States" TYPE="NAM" />
<geographical-political id="g9" start="2265" end="2282" text="Riverside, Calif." TYPE="NAM" />
<geographical-political id="g10" start="2276" end="2282" text="Calif." TYPE="NAM" />
<geographical-political id="g11" start="2358" end="2368" text="the nation" TYPE="NOM" />
<geographical-political id="g12" start="2630" end="2634" text="U.S." TYPE="NAMPRE" />
<geographical-political id="g13" start="3190" end="3200" text="the nation" TYPE="NOM" />
<geographical-political id="g14" start="3433" end="3447" text="Salt Lake City" TYPE="NAM" />
<geographical-political id="g15" start="4237" end="4257" text="the nation's capital" TYPE="NOM" />
<geographical-political id="g16" start="4237" end="4247" text="the nation" TYPE="NOM" />
<geographical-political id="g17" start="4431" end="4433" text="DC" TYPE="NAMPRE" />
<geographical-political id="g18" start="4701" end="4718" text="the United States" TYPE="NAM" />
<geographical-political id="g19" start="4953" end="4967" text="Washington, DC" TYPE="NAM" />
<location id="l0" start="47" end="70" text="National Capital Region" TYPE="NAM" />
<location id="l1" start="328" end="355" text="the National Capital Region" TYPE="NAM" />
<location id="l2" start="508" end="531" text="the Washington, DC area" TYPE="NOM" />
<location id="l3" start="565" end="592" text="the National Capital Region" TYPE="NAM" />
<location id="l4" start="931" end="956" text="the skies above San Diego" TYPE="NOM" />
<location id="l5" start="1253" end="1273" text="the nation's borders" TYPE="NOM" />
<location id="l6" start="2028" end="2035" text="the air" TYPE="NOM" />
<location id="l7" start="2358" end="2376" text="the nation's skies" TYPE="NOM" />
<location id="l8" start="2630" end="2642" text="U.S. borders" TYPE="BAR" />
<location id="l9" start="2849" end="2884" text="the skies, land borders, and coasts" TYPE="NOM" />
<location id="l10" start="2849" end="2884" text="the skies, land borders, and coasts" TYPE="NOM" />
<location id="l11" start="2849" end="2884" text="the skies, land borders, and coasts" TYPE="NOM" />
<location id="l13" start="3320" end="3347" text="the National Capital Region" TYPE="NAM" />
<location id="l14" start="3740" end="3767" text="the National Capital Region" TYPE="NAM" />
<location id="l15" start="3845" end="3872" text="the National Capital Region" TYPE="NAM" />
<location id="l16" start="4064" end="4091" text="the National Capital Region" TYPE="NAM" />
<location id="l12" start="4221" end="4257" text="the skies above the nation's capital" TYPE="NOM" />
<location id="l17" start="4431" end="4438" text="DC-area" TYPE="BAR" />
<falicity id="f0" start="3059" end="3076" text="AMID headquarters" TYPE="BAR" />
<falicity id="f2" start="3560" end="3579" text="Hill Air Force Base" TYPE="NAM" />
<falicity id="f3" start="3907" end="3933" text="The Customs situation room" TYPE="NOM" />
<falicity id="f4" start="3944" end="3967" text="the coordination center" TYPE="NOM" />
<falicity id="f1" start="4872" end="4888" text="CBP Headquarters" TYPE="NOM" />
<falicity id="f5" start="4914" end="4942" text="1300 Pennsylvania Ave., N.W." TYPE="NAM" />
<falicity id="f7" start="4919" end="4942" text="Pennsylvania Ave., N.W." TYPE="NAM" />
<falicity id="f6" start="367" end="410" text="the White House, U.S. Capitol, and Pentagon" TYPE="NAM" />
<falicity id="f8" start="367" end="410" text="the White House, U.S. Capitol, and Pentagon" TYPE="NAM" />
<falicity id="f9" start="367" end="410" text="the White House, U.S. Capitol, and Pentagon" TYPE="NAM" />
<falicity id="f10" start="4943" end="4952" text="Room 3.4A" TYPE="NAM" />
<falicity id="f11" start="4943" end="4947" text="Room" TYPE="BAR" />
<head id="h0" start="47" end="70" text="National Capital Region" />
<head id="h1" start="1" end="13" text="U.S. Customs" />
<head id="h2" start="115" end="129" text="WASHINGTON, DC" />
<head id="h3" start="135" end="184" text="U.S. Customs Air and Marine Interdiction Division" />
<head id="h4" start="275" end="287" text="U.S. Customs" />
<head id="h5" start="332" end="355" text="National Capital Region" />
<head id="h9" start="371" end="382" text="White House" />
<head id="h10" start="384" end="396" text="U.S. Capitol" />
<head id="h12" start="431" end="474" text="National Capital Region Coordination Center" />
<head id="h13" start="476" end="481" text="NCRCC" />
<head id="h14" start="527" end="531" text="area" />
<head id="h15" start="512" end="526" text="Washington, DC" />
<head id="h16" start="569" end="592" text="National Capital Region" />
<head id="h17" start="614" end="619" text="NCRCC" />
<head id="h18" start="594" end="606" text="Participants" />
<head id="h19" start="628" end="640" text="U.S. Customs" />
<head id="h20" start="642" end="645" text="FAA" />
<head id="h21" start="647" end="650" text="TSA" />
<head id="h22" start="652" end="666" text="Secret Service" />
<head id="h23" start="668" end="671" text="DoD" />
<head id="h25" start="673" end="689" text="U.S. Park Police" />
<head id="h26" start="691" end="695" text="FEMA" />
<head id="h27" start="697" end="716" text="U.S. Capitol Police" />
<head id="h28" start="744" end="752" text="agencies" />
<head id="h6" start="758" end="763" text="NCRCC" />
<head id="h7" start="802" end="808" text="agency" />
<head id="h8" start="865" end="877" text="participants" />
<head id="h24" start="902" end="909" text="Customs" />
<head id="h29" start="935" end="940" text="skies" />
<head id="h30" start="947" end="956" text="San Diego" />
<head id="h31" start="980" end="987" text="Customs" />
<head id="h32" start="1194" end="1238" text="Customs Air and Marine Interdiction Division" />
<head id="h33" start="1266" end="1273" text="borders" />
<head id="h34" start="1257" end="1263" text="nation" />
<head id="h35" start="1291" end="1297" text="people" />
<head id="h36" start="1282" end="1290" text="American" />
<head id="h37" start="1355" end="1358" text="U.S" />
<head id="h38" start="1419" end="1426" text="Customs" />
<head id="h39" start="1466" end="1476" text="terrorists" />
<head id="h40" start="1481" end="1486" text="their" />
<head id="h41" start="1511" end="1518" text="country" />
<head id="h42" start="1537" end="1541" text="AMID" />
<head id="h43" start="1674" end="1683" text="terrorist" />
<head id="h44" start="1697" end="1741" text="Customs Air and Marine Interdiction Division" />
<head id="h45" start="1743" end="1747" text="AMID" />
<head id="h46" start="1822" end="1831" text="officials" />
<head id="h47" start="1814" end="1821" text="Customs" />
<head id="h48" start="1866" end="1874" text="agencies" />
<head id="h49" start="1890" end="1921" text="Federal Aviation Administration" />
<head id="h50" start="1925" end="1928" text="FAA" />
<head id="h51" start="2032" end="2035" text="air" />
<head id="h52" start="2041" end="2048" text="Customs" />
<head id="h53" start="2123" end="2132" text="personnel" />
<head id="h54" start="2179" end="2192" text="United States" />
<head id="h55" start="2198" end="2253" text="Customs Air and Marine Interdiction Coordination Center" />
<head id="h56" start="2255" end="2260" text="AMICC" />
<head id="h57" start="2265" end="2274" text="Riverside" />
<head id="h58" start="2276" end="2282" text="Calif." />
<head id="h59" start="2371" end="2376" text="skies" />
<head id="h61" start="2362" end="2368" text="nation" />
<head id="h62" start="2472" end="2476" text="AMID" />
<head id="h63" start="2537" end="2542" text="AMICC" />
<head id="h64" start="2570" end="2610" text="North American Aerospace Defense Command" />
<head id="h65" start="2612" end="2617" text="NORAD" />
<head id="h66" start="2635" end="2642" text="borders" />
<head id="h67" start="2630" end="2634" text="U.S." />
<head id="h68" start="2700" end="2707" text="Customs" />
<head id="h69" start="2764" end="2769" text="NORAD" />
<head id="h70" start="2813" end="2820" text="Customs" />
<head id="h71" start="2853" end="2858" text="skies" />
<head id="h72" start="2865" end="2872" text="borders" />
<head id="h73" start="2878" end="2884" text="coasts" />
<head id="h74" start="2959" end="2967" text="agencies" />
<head id="h75" start="2980" end="2983" text="FBI" />
<head id="h76" start="2985" end="2988" text="ATF" />
<head id="h77" start="2993" end="3007" text="Secret Service" />
<head id="h78" start="3047" end="3055" text="planners" />
<head id="h79" start="3064" end="3076" text="headquarters" />
<head id="h80" start="3059" end="3063" text="AMID" />
<head id="h81" start="3088" end="3100" text="participants" />
<head id="h82" start="3108" end="3156" text="Interagency Homeland Air Security Steering Group" />
<head id="h83" start="3158" end="3163" text="which" />
<head id="h84" start="3194" end="3200" text="nation" />
<head id="h85" start="3255" end="3259" text="AMID" />
<head id="h86" start="3324" end="3347" text="National Capital Region" />
<head id="h87" start="3349" end="3361" text="U.S. Customs" />
<head id="h88" start="3433" end="3447" text="Salt Lake City" />
<head id="h89" start="3454" end="3463" text="officials" />
<head id="h90" start="3449" end="3453" text="AMID" />
<head id="h91" start="3521" end="3556" text="Airspace Security Operations Center" />
<head id="h92" start="3560" end="3579" text="Hill Air Force Base" />
<head id="h93" start="3624" end="3633" text="personnel" />
<head id="h94" start="3744" end="3767" text="National Capital Region" />
<head id="h95" start="3778" end="3782" text="AMID" />
<head id="h96" start="3849" end="3872" text="National Capital Region" />
<head id="h97" start="3929" end="3933" text="room" />
<head id="h98" start="3911" end="3918" text="Customs" />
<head id="h100" start="3961" end="3967" text="center" />
<head id="h101" start="4024" end="4029" text="crews" />
<head id="h102" start="4003" end="4010" text="Customs" />
<head id="h104" start="4068" end="4091" text="National Capital Region" />
<head id="h60" start="4154" end="4163" text="terrorist" />
<head id="h99" start="4194" end="4199" text="crews" />
<head id="h103" start="4173" end="4180" text="Customs" />
<head id="h105" start="4225" end="4230" text="skies" />
<head id="h106" start="4250" end="4257" text="capital" />
<head id="h107" start="4241" end="4247" text="nation" />
<head id="h108" start="4287" end="4298" text="Specialists" />
<head id="h109" start="4262" end="4269" text="Customs" />
<head id="h110" start="4380" end="4387" text="Customs" />
<head id="h111" start="4434" end="4438" text="area" />
<head id="h112" start="4431" end="4433" text="DC" />
<head id="h113" start="4476" end="4483" text="Customs" />
<head id="h114" start="4577" end="4585" text="agencies" />
<head id="h115" start="4627" end="4631" text="AMID" />
<head id="h116" start="4705" end="4718" text="United States" />
<head id="h117" start="4754" end="4774" text="Department of Energy" />
<head id="h118" start="4812" end="4830" text="CBP Public Affairs" />
<head id="h119" start="4876" end="4888" text="Headquarters" />
<head id="h120" start="4872" end="4875" text="CBP" />
<head id="h121" start="4889" end="4913" text="Office of Public Affairs" />
<head id="h122" start="4953" end="4967" text="Washington, DC" />
<head id="h123" start="4914" end="4918" text="1300" />
<head id="h125" start="4919" end="4942" text="Pennsylvania Ave., N.W." />
<head id="h11" start="402" end="410" text="Pentagon" />
<head id="h124" start="4948" end="4952" text="3.4A" />
<head id="h126" start="4943" end="4947" text="Room" />
<name id="n0" start="47" end="70" text="National Capital Region" />
<name id="n1" start="1" end="13" text="U.S. Customs" />
<name id="n2" start="115" end="129" text="WASHINGTON, DC" />
<name id="n3" start="135" end="184" text="U.S. Customs Air and Marine Interdiction Division" />
<name id="n4" start="275" end="287" text="U.S. Customs" />
<name id="n5" start="332" end="355" text="National Capital Region" />
<name id="n8" start="371" end="382" text="White House" />
<name id="n9" start="384" end="396" text="U.S. Capitol" />
<name id="n11" start="431" end="474" text="National Capital Region Coordination Center" />
<name id="n12" start="476" end="481" text="NCRCC" />
<name id="n13" start="512" end="526" text="Washington, DC" />
<name id="n14" start="569" end="592" text="National Capital Region" />
<name id="n15" start="614" end="619" text="NCRCC" />
<name id="n16" start="628" end="640" text="U.S. Customs" />
<name id="n17" start="642" end="645" text="FAA" />
<name id="n18" start="647" end="650" text="TSA" />
<name id="n19" start="652" end="666" text="Secret Service" />
<name id="n20" start="668" end="671" text="DoD" />
<name id="n21" start="673" end="689" text="U.S. Park Police" />
<name id="n22" start="691" end="695" text="FEMA" />
<name id="n23" start="697" end="716" text="U.S. Capitol Police" />
<name id="n6" start="758" end="763" text="NCRCC" />
<name id="n7" start="902" end="909" text="Customs" />
<name id="n24" start="947" end="956" text="San Diego" />
<name id="n25" start="980" end="987" text="Customs" />
<name id="n26" start="1194" end="1238" text="Customs Air and Marine Interdiction Division" />
<name id="n27" start="1282" end="1290" text="American" />
<name id="n28" start="1355" end="1358" text="U.S" />
<name id="n29" start="1419" end="1426" text="Customs" />
<name id="n30" start="1537" end="1541" text="AMID" />
<name id="n31" start="1697" end="1741" text="Customs Air and Marine Interdiction Division" />
<name id="n32" start="1743" end="1747" text="AMID" />
<name id="n33" start="1814" end="1821" text="Customs" />
<name id="n34" start="1890" end="1921" text="Federal Aviation Administration" />
<name id="n35" start="1925" end="1928" text="FAA" />
<name id="n36" start="2041" end="2048" text="Customs" />
<name id="n37" start="2179" end="2192" text="United States" />
<name id="n38" start="2198" end="2253" text="Customs Air and Marine Interdiction Coordination Center" />
<name id="n39" start="2255" end="2260" text="AMICC" />
<name id="n40" start="2265" end="2274" text="Riverside" />
<name id="n41" start="2276" end="2282" text="Calif." />
<name id="n42" start="2472" end="2476" text="AMID" />
<name id="n43" start="2537" end="2542" text="AMICC" />
<name id="n44" start="2570" end="2610" text="North American Aerospace Defense Command" />
<name id="n45" start="2612" end="2617" text="NORAD" />
<name id="n46" start="2630" end="2634" text="U.S." />
<name id="n47" start="2700" end="2707" text="Customs" />
<name id="n48" start="2764" end="2769" text="NORAD" />
<name id="n49" start="2813" end="2820" text="Customs" />
<name id="n50" start="2980" end="2983" text="FBI" />
<name id="n51" start="2985" end="2988" text="ATF" />
<name id="n52" start="2993" end="3007" text="Secret Service" />
<name id="n53" start="3059" end="3063" text="AMID" />
<name id="n54" start="3108" end="3156" text="Interagency Homeland Air Security Steering Group" />
<name id="n56" start="3255" end="3259" text="AMID" />
<name id="n57" start="3324" end="3347" text="National Capital Region" />
<name id="n58" start="3349" end="3361" text="U.S. Customs" />
<name id="n59" start="3433" end="3447" text="Salt Lake City" />
<name id="n60" start="3449" end="3453" text="AMID" />
<name id="n61" start="3521" end="3556" text="Airspace Security Operations Center" />
<name id="n62" start="3560" end="3579" text="Hill Air Force Base" />
<name id="n63" start="3744" end="3767" text="National Capital Region" />
<name id="n64" start="3778" end="3782" text="AMID" />
<name id="n65" start="3849" end="3872" text="National Capital Region" />
<name id="n66" start="3911" end="3918" text="Customs" />
<name id="n67" start="4003" end="4010" text="Customs" />
<name id="n68" start="4068" end="4091" text="National Capital Region" />
<name id="n55" start="4173" end="4180" text="Customs" />
<name id="n69" start="4262" end="4269" text="Customs" />
<name id="n70" start="4380" end="4387" text="Customs" />
<name id="n71" start="4431" end="4433" text="DC" />
<name id="n72" start="4476" end="4483" text="Customs" />
<name id="n73" start="4627" end="4631" text="AMID" />
<name id="n74" start="4705" end="4718" text="United States" />
<name id="n75" start="4754" end="4774" text="Department of Energy" />
<name id="n76" start="4812" end="4830" text="CBP Public Affairs" />
<name id="n77" start="4872" end="4875" text="CBP" />
<name id="n78" start="4889" end="4913" text="Office of Public Affairs" />
<name id="n79" start="4953" end="4967" text="Washington, DC" />
<name id="n80" start="4914" end="4918" text="1300" />
<name id="n82" start="4919" end="4942" text="Pennsylvania Ave., N.W." />
<name id="n10" start="402" end="410" text="Pentagon" />
<name id="n81" start="4948" end="4952" text="3.4A" />
<located-mention id="lo0" start="3037" end="3076" text="Strategic planners at AMID headquarters" TYPE="Preposition" />
<employment-mention id="e0" start="1814" end="1831" text="Customs officials" TYPE="PreMod" />
<employment-mention id="e1" start="3449" end="3463" text="AMID officials" TYPE="PreMod" />
<employment-mention id="e2" start="4003" end="4029" text="Customs aircraft and crews" TYPE="PreMod" />
<employment-mention id="e3" start="4173" end="4199" text="Customs aircraft and crews" TYPE="PreMod" />
<employment-mention id="e4" start="4262" end="4298" text="Customs Detection System Specialists" TYPE="PreMod" />
<entity_link id="en0" fromID="o2" fromText="U.S. Customs" toID="o0" toText="U.S. Customs" />
<entity_link id="en1" fromID="l1" fromText="the National Capital Region" toID="l0" toText="National Capital Region" />
<entity_link id="en2" fromID="l2" fromText="the Washington, DC area" toID="l1" toText="the National Capital Region" />
<entity_link id="en3" fromID="g1" fromText="Washington, DC" toID="g0" toText="WASHINGTON, DC" />
<entity_link id="en4" fromID="l3" fromText="the National Capital Region" toID="l2" toText="the Washington, DC area" />
<entity_link id="en7" fromID="o12" fromText="U.S. Customs" toID="o2" toText="U.S. Customs" />
<entity_link id="en8" fromID="o9" fromText="NCRCC" toID="o8" toText="the National Capital Region Coordination Center (NCRCC" />
<entity_link id="en9" fromID="o4" fromText="the NCRCC" toID="o9" toText="NCRCC" />
<entity_link id="en10" fromID="o3" fromText="The NCRCC" toID="o4" toText="the NCRCC" />
<entity_link id="en11" fromID="o17" fromText="participants" toID="o11" toText="Participants" />
<entity_link id="en12" fromID="o10" fromText="agency" toID="o11" toText="Participants" />
<entity_link id="en13" fromID="o22" fromText="Customs" toID="o12" toText="U.S. Customs" />
<entity_link id="en14" fromID="o23" fromText="Customs" toID="o22" toText="Customs" />
<entity_link id="en15" fromID="g5" fromText="American" toID="g4" toText="the American people" />
<entity_link id="en16" fromID="g4" fromText="the American people" toID="g3" toText="the nation" />
<entity_link id="en17" fromID="g6" fromText="the U.S" toID="g3" toText="the nation" />
<entity_link id="en18" fromID="p1" fromText="their" toID="p0" toText="terrorists" />
<entity_link id="en19" fromID="g7" fromText="the country" toID="g6" toText="the U.S" />
<entity_link id="en20" fromID="o26" fromText="the AMID" toID="o24" toText="the Customs Air and Marine Interdiction Division" />
<entity_link id="en21" fromID="o27" fromText="the Customs Air and Marine Interdiction Division (AMID" toID="o26" toText="the AMID" />
<entity_link id="en22" fromID="o28" fromText="AMID" toID="o27" toText="the Customs Air and Marine Interdiction Division (AMID" />
<entity_link id="en23" fromID="o29" fromText="Customs" toID="o25" toText="Customs" />
<entity_link id="en24" fromID="o31" fromText="the Federal Aviation Administration's (FAA" toID="o13" toText="FAA" />
<entity_link id="en25" fromID="o32" fromText="FAA" toID="o31" toText="the Federal Aviation Administration's (FAA" />
<entity_link id="en26" fromID="o33" fromText="Customs" toID="o29" toText="Customs" />
<entity_link id="en27" fromID="g8" fromText="the United States" toID="g7" toText="the country" />
<entity_link id="en28" fromID="o35" fromText="AMICC" toID="o34" toText="The Customs Air and Marine Interdiction Coordination Center (AMICC) in Riverside, Calif." />
<entity_link id="en29" fromID="g11" fromText="the nation" toID="g8" toText="the United States" />
<entity_link id="en30" fromID="o36" fromText="AMID" toID="o28" toText="AMID" />
<entity_link id="en31" fromID="o37" fromText="The AMICC" toID="o35" toText="AMICC" />
<entity_link id="en32" fromID="o40" fromText="NORAD" toID="o39" toText="North American Aerospace Defense Command (NORAD" />
<entity_link id="en33" fromID="l8" fromText="U.S. borders" toID="l5" toText="the nation's borders" />
<entity_link id="en34" fromID="l7" fromText="the nation's skies" toID="l6" toText="the air" />
<entity_link id="en35" fromID="g12" fromText="U.S." toID="g11" toText="the nation" />
<entity_link id="en36" fromID="o41" fromText="Customs" toID="o33" toText="Customs" />
<entity_link id="en37" fromID="o42" fromText="NORAD" toID="o40" toText="NORAD" />
<entity_link id="en38" fromID="o43" fromText="Customs" toID="o41" toText="Customs" />
<entity_link id="en39" fromID="l9" fromText="the skies, land borders, and coasts" toID="l7" toText="the nation's skies" />
<entity_link id="en40" fromID="l10" fromText="the skies, land borders, and coasts" toID="l8" toText="U.S. borders" />
<entity_link id="en41" fromID="o47" fromText="Secret Service" toID="o15" toText="Secret Service" />
<entity_link id="en42" fromID="o48" fromText="AMID" toID="o36" toText="AMID" />
<entity_link id="en44" fromID="o51" fromText="which" toID="o50" toText="the Interagency Homeland Air Security Steering Group, which is tasked with developing the nation's homeland security strategy and operational concept" />
<entity_link id="en45" fromID="g13" fromText="the nation" toID="g12" toText="U.S." />
<entity_link id="en46" fromID="p7" fromText="active participants in the Interagency Homeland Air Security Steering Group, which is tasked with developing the nation's homeland security strategy and operational concept" toID="p5" toText="Strategic planners at AMID headquarters" />
<entity_link id="en47" fromID="o52" fromText="AMID" toID="o48" toText="AMID" />
<entity_link id="en48" fromID="l13" fromText="the National Capital Region" toID="l3" toText="the National Capital Region" />
<entity_link id="en49" fromID="o53" fromText="U.S. Customs" toID="o43" toText="Customs" />
<entity_link id="en50" fromID="o54" fromText="AMID" toID="o52" toText="AMID" />
<entity_link id="en51" fromID="l14" fromText="the National Capital Region" toID="l13" toText="the National Capital Region" />
<entity_link id="en52" fromID="o56" fromText="AMID" toID="o54" toText="AMID" />
<entity_link id="en53" fromID="l15" fromText="the National Capital Region" toID="l14" toText="the National Capital Region" />
<entity_link id="en54" fromID="o57" fromText="Customs" toID="o53" toText="U.S. Customs" />
<entity_link id="en55" fromID="f4" fromText="the coordination center" toID="f3" toText="The Customs situation room" />
<entity_link id="en56" fromID="o58" fromText="Customs" toID="o57" toText="Customs" />
<entity_link id="en5" fromID="l16" fromText="the National Capital Region" toID="l15" toText="the National Capital Region" />
<entity_link id="en6" fromID="p6" fromText="terrorist" toID="p2" toText="terrorist" />
<entity_link id="en43" fromID="p11" fromText="Customs aircraft and crews" toID="p10" toText="Customs aircraft and crews" />
<entity_link id="en57" fromID="o38" fromText="Customs" toID="o58" toText="Customs" />
<entity_link id="en59" fromID="g15" fromText="the nation's capital" toID="g1" toText="Washington, DC" />
<entity_link id="en60" fromID="g16" fromText="the nation" toID="g12" toText="U.S." />
<entity_link id="en61" fromID="o49" fromText="Customs" toID="o38" toText="Customs" />
<entity_link id="en62" fromID="o59" fromText="Customs" toID="o38" toText="Customs" />
<entity_link id="en63" fromID="g17" fromText="DC" toID="g1" toText="Washington, DC" />
<entity_link id="en64" fromID="o60" fromText="Customs" toID="o59" toText="Customs" />
<entity_link id="en65" fromID="o62" fromText="AMID" toID="o56" toText="AMID" />
<entity_link id="en66" fromID="g18" fromText="the United States" toID="g8" toText="the United States" />
<entity_link id="en67" fromID="o65" fromText="CBP" toID="o59" toText="Customs" />
<entity_link id="en68" fromID="g19" fromText="Washington, DC" toID="g17" toText="DC" />
<entity_link id="en58" fromID="o24" fromText="the Customs Air and Marine Interdiction Division" toID="o1" toText="The U.S. Customs Air and Marine Interdiction Division" />
<entity_link id="en69" fromID="o66" fromText="Office of Public Affairs" toID="o64" toText="CBP Public Affairs" />
<entity_link id="en70" fromID="f11" fromText="Room" toID="f10" toText="Room 3.4A" />
<head_link id="he0" fromID="l0" fromText="National Capital Region" toID="h0" toText="National Capital Region" />
<head_link id="he1" fromID="o0" fromText="U.S. Customs" toID="h1" toText="U.S. Customs" />
<head_link id="he2" fromID="g0" fromText="WASHINGTON, DC" toID="h2" toText="WASHINGTON, DC" />
<head_link id="he3" fromID="o1" fromText="The U.S. Customs Air and Marine Interdiction Division" toID="h3" toText="U.S. Customs Air and Marine Interdiction Division" />
<head_link id="he4" fromID="o2" fromText="U.S. Customs" toID="h4" toText="U.S. Customs" />
<head_link id="he5" fromID="l1" fromText="the National Capital Region" toID="h5" toText="National Capital Region" />
<head_link id="he11" fromID="o8" fromText="the National Capital Region Coordination Center (NCRCC" toID="h12" toText="National Capital Region Coordination Center" />
<head_link id="he12" fromID="o9" fromText="NCRCC" toID="h13" toText="NCRCC" />
<head_link id="he13" fromID="l2" fromText="the Washington, DC area" toID="h14" toText="area" />
<head_link id="he14" fromID="g1" fromText="Washington, DC" toID="h15" toText="Washington, DC" />
<head_link id="he15" fromID="l3" fromText="the National Capital Region" toID="h16" toText="National Capital Region" />
<head_link id="he17" fromID="o11" fromText="Participants" toID="h18" toText="Participants" />
<head_link id="he18" fromID="o12" fromText="U.S. Customs" toID="h19" toText="U.S. Customs" />
<head_link id="he19" fromID="o13" fromText="FAA" toID="h20" toText="FAA" />
<head_link id="he20" fromID="o14" fromText="TSA" toID="h21" toText="TSA" />
<head_link id="he21" fromID="o15" fromText="Secret Service" toID="h22" toText="Secret Service" />
<head_link id="he22" fromID="o16" fromText="DoD" toID="h23" toText="DoD" />
<head_link id="he23" fromID="o18" fromText="U.S. Park Police" toID="h25" toText="U.S. Park Police" />
<head_link id="he24" fromID="o19" fromText="FEMA" toID="h26" toText="FEMA" />
<head_link id="he25" fromID="o20" fromText="U.S. Capitol Police" toID="h27" toText="U.S. Capitol Police" />
<head_link id="he26" fromID="o21" fromText="local law enforcement agencies" toID="h28" toText="agencies" />
<head_link id="he6" fromID="o3" fromText="The NCRCC" toID="h6" toText="NCRCC" />
<head_link id="he7" fromID="o4" fromText="the NCRCC" toID="h17" toText="NCRCC" />
<head_link id="he27" fromID="o10" fromText="agency" toID="h7" toText="agency" />
<head_link id="he28" fromID="o17" fromText="participants" toID="h8" toText="participants" />
<head_link id="he29" fromID="o22" fromText="Customs" toID="h24" toText="Customs" />
<head_link id="he30" fromID="l4" fromText="the skies above San Diego" toID="h29" toText="skies" />
<head_link id="he31" fromID="g2" fromText="San Diego" toID="h30" toText="San Diego" />
<head_link id="he32" fromID="o23" fromText="Customs" toID="h31" toText="Customs" />
<head_link id="he33" fromID="o24" fromText="the Customs Air and Marine Interdiction Division" toID="h32" toText="Customs Air and Marine Interdiction Division" />
<head_link id="he34" fromID="l5" fromText="the nation's borders" toID="h33" toText="borders" />
<head_link id="he35" fromID="g3" fromText="the nation" toID="h34" toText="nation" />
<head_link id="he36" fromID="g4" fromText="the American people" toID="h35" toText="people" />
<head_link id="he37" fromID="g5" fromText="American" toID="h36" toText="American" />
<head_link id="he38" fromID="g6" fromText="the U.S" toID="h37" toText="U.S" />
<head_link id="he39" fromID="o25" fromText="Customs" toID="h38" toText="Customs" />
<head_link id="he40" fromID="p0" fromText="terrorists" toID="h39" toText="terrorists" />
<head_link id="he41" fromID="p1" fromText="their" toID="h40" toText="their" />
<head_link id="he42" fromID="g7" fromText="the country" toID="h41" toText="country" />
<head_link id="he43" fromID="o26" fromText="the AMID" toID="h42" toText="AMID" />
<head_link id="he44" fromID="p2" fromText="terrorist" toID="h43" toText="terrorist" />
<head_link id="he45" fromID="o27" fromText="the Customs Air and Marine Interdiction Division (AMID" toID="h44" toText="Customs Air and Marine Interdiction Division" />
<head_link id="he46" fromID="o28" fromText="AMID" toID="h45" toText="AMID" />
<head_link id="he47" fromID="p3" fromText="Customs officials" toID="h46" toText="officials" />
<head_link id="he48" fromID="o29" fromText="Customs" toID="h47" toText="Customs" />
<head_link id="he49" fromID="o30" fromText="other federal law enforcement agencies" toID="h48" toText="agencies" />
<head_link id="he50" fromID="o31" fromText="the Federal Aviation Administration's (FAA" toID="h49" toText="Federal Aviation Administration" />
<head_link id="he51" fromID="o32" fromText="FAA" toID="h50" toText="FAA" />
<head_link id="he52" fromID="l6" fromText="the air" toID="h51" toText="air" />
<head_link id="he53" fromID="o33" fromText="Customs" toID="h52" toText="Customs" />
<head_link id="he54" fromID="p4" fromText="critically needed personnel" toID="h53" toText="personnel" />
<head_link id="he55" fromID="g8" fromText="the United States" toID="h54" toText="United States" />
<head_link id="he56" fromID="o34" fromText="The Customs Air and Marine Interdiction Coordination Center (AMICC) in Riverside, Calif." toID="h55" toText="Customs Air and Marine Interdiction Coordination Center" />
<head_link id="he57" fromID="o35" fromText="AMICC" toID="h56" toText="AMICC" />
<head_link id="he58" fromID="g9" fromText="Riverside, Calif." toID="h57" toText="Riverside" />
<head_link id="he59" fromID="g10" fromText="Calif." toID="h58" toText="Calif." />
<head_link id="he60" fromID="l7" fromText="the nation's skies" toID="h59" toText="skies" />
<head_link id="he61" fromID="g11" fromText="the nation" toID="h61" toText="nation" />
<head_link id="he62" fromID="o36" fromText="AMID" toID="h62" toText="AMID" />
<head_link id="he63" fromID="o37" fromText="The AMICC" toID="h63" toText="AMICC" />
<head_link id="he65" fromID="o39" fromText="North American Aerospace Defense Command (NORAD" toID="h64" toText="North American Aerospace Defense Command" />
<head_link id="he66" fromID="o40" fromText="NORAD" toID="h65" toText="NORAD" />
<head_link id="he67" fromID="l8" fromText="U.S. borders" toID="h66" toText="borders" />
<head_link id="he68" fromID="g12" fromText="U.S." toID="h67" toText="U.S." />
<head_link id="he69" fromID="o41" fromText="Customs" toID="h68" toText="Customs" />
<head_link id="he70" fromID="o42" fromText="NORAD" toID="h69" toText="NORAD" />
<head_link id="he71" fromID="o43" fromText="Customs" toID="h70" toText="Customs" />
<head_link id="he72" fromID="l9" fromText="the skies, land borders, and coasts" toID="h71" toText="skies" />
<head_link id="he73" fromID="l10" fromText="the skies, land borders, and coasts" toID="h72" toText="borders" />
<head_link id="he74" fromID="l11" fromText="the skies, land borders, and coasts" toID="h73" toText="coasts" />
<head_link id="he75" fromID="o44" fromText="other federal law enforcement agencies" toID="h74" toText="agencies" />
<head_link id="he76" fromID="o45" fromText="FBI" toID="h75" toText="FBI" />
<head_link id="he77" fromID="o46" fromText="ATF" toID="h76" toText="ATF" />
<head_link id="he78" fromID="o47" fromText="Secret Service" toID="h77" toText="Secret Service" />
<head_link id="he79" fromID="p5" fromText="Strategic planners at AMID headquarters" toID="h78" toText="planners" />
<head_link id="he81" fromID="f0" fromText="AMID headquarters" toID="h79" toText="headquarters" />
<head_link id="he82" fromID="o48" fromText="AMID" toID="h80" toText="AMID" />
<head_link id="he84" fromID="o50" fromText="the Interagency Homeland Air Security Steering Group, which is tasked with developing the nation's homeland security strategy and operational concept" toID="h82" toText="Interagency Homeland Air Security Steering Group" />
<head_link id="he85" fromID="o51" fromText="which" toID="h83" toText="which" />
<head_link id="he86" fromID="g13" fromText="the nation" toID="h84" toText="nation" />
<head_link id="he87" fromID="p7" fromText="active participants in the Interagency Homeland Air Security Steering Group, which is tasked with developing the nation's homeland security strategy and operational concept" toID="h81" toText="participants" />
<head_link id="he88" fromID="o52" fromText="AMID" toID="h85" toText="AMID" />
<head_link id="he89" fromID="l13" fromText="the National Capital Region" toID="h86" toText="National Capital Region" />
<head_link id="he90" fromID="o53" fromText="U.S. Customs" toID="h87" toText="U.S. Customs" />
<head_link id="he91" fromID="g14" fromText="Salt Lake City" toID="h88" toText="Salt Lake City" />
<head_link id="he92" fromID="p8" fromText="AMID officials" toID="h89" toText="officials" />
<head_link id="he93" fromID="o54" fromText="AMID" toID="h90" toText="AMID" />
<head_link id="he94" fromID="o55" fromText="the Airspace Security Operations Center at Hill Air Force Base" toID="h91" toText="Airspace Security Operations Center" />
<head_link id="he95" fromID="f2" fromText="Hill Air Force Base" toID="h92" toText="Hill Air Force Base" />
<head_link id="he96" fromID="p9" fromText="more than 100 personnel" toID="h93" toText="personnel" />
<head_link id="he97" fromID="l14" fromText="the National Capital Region" toID="h94" toText="National Capital Region" />
<head_link id="he98" fromID="o56" fromText="AMID" toID="h95" toText="AMID" />
<head_link id="he99" fromID="l15" fromText="the National Capital Region" toID="h96" toText="National Capital Region" />
<head_link id="he100" fromID="f3" fromText="The Customs situation room" toID="h97" toText="room" />
<head_link id="he101" fromID="o57" fromText="Customs" toID="h98" toText="Customs" />
<head_link id="he102" fromID="f4" fromText="the coordination center" toID="h100" toText="center" />
<head_link id="he103" fromID="p10" fromText="Customs aircraft and crews" toID="h101" toText="crews" />
<head_link id="he104" fromID="o58" fromText="Customs" toID="h102" toText="Customs" />
<head_link id="he105" fromID="l16" fromText="the National Capital Region" toID="h104" toText="National Capital Region" />
<head_link id="he16" fromID="p6" fromText="terrorist" toID="h60" toText="terrorist" />
<head_link id="he64" fromID="p11" fromText="Customs aircraft and crews" toID="h99" toText="crews" />
<head_link id="he80" fromID="o38" fromText="Customs" toID="h103" toText="Customs" />
<head_link id="he83" fromID="l12" fromText="the skies above the nation's capital" toID="h105" toText="skies" />
<head_link id="he106" fromID="g15" fromText="the nation's capital" toID="h106" toText="capital" />
<head_link id="he107" fromID="g16" fromText="the nation" toID="h107" toText="nation" />
<head_link id="he108" fromID="p12" fromText="Customs Detection System Specialists" toID="h108" toText="Specialists" />
<head_link id="he109" fromID="o49" fromText="Customs" toID="h109" toText="Customs" />
<head_link id="he110" fromID="o59" fromText="Customs" toID="h110" toText="Customs" />
<head_link id="he111" fromID="l17" fromText="DC-area" toID="h111" toText="area" />
<head_link id="he112" fromID="g17" fromText="DC" toID="h112" toText="DC" />
<head_link id="he113" fromID="o60" fromText="Customs" toID="h113" toText="Customs" />
<head_link id="he114" fromID="o61" fromText="federal, state and local law enforcement agencies" toID="h114" toText="agencies" />
<head_link id="he115" fromID="o62" fromText="AMID" toID="h115" toText="AMID" />
<head_link id="he116" fromID="g18" fromText="the United States" toID="h116" toText="United States" />
<head_link id="he117" fromID="o63" fromText="Department of Energy" toID="h117" toText="Department of Energy" />
<head_link id="he118" fromID="o64" fromText="CBP Public Affairs" toID="h118" toText="CBP Public Affairs" />
<head_link id="he119" fromID="f1" fromText="CBP Headquarters" toID="h119" toText="Headquarters" />
<head_link id="he120" fromID="o65" fromText="CBP" toID="h120" toText="CBP" />
<head_link id="he121" fromID="o66" fromText="Office of Public Affairs" toID="h121" toText="Office of Public Affairs" />
<head_link id="he122" fromID="g19" fromText="Washington, DC" toID="h122" toText="Washington, DC" />
<head_link id="he123" fromID="f5" fromText="1300 Pennsylvania Ave., N.W." toID="h123" toText="1300" />
<head_link id="he125" fromID="f7" fromText="Pennsylvania Ave., N.W." toID="h125" toText="Pennsylvania Ave., N.W." />
<head_link id="he124" fromID="f6" fromText="the White House, U.S. Capitol, and Pentagon" toID="h9" toText="White House" />
<head_link id="he126" fromID="f8" fromText="the White House, U.S. Capitol, and Pentagon" toID="h10" toText="U.S. Capitol" />
<head_link id="he127" fromID="f9" fromText="the White House, U.S. Capitol, and Pentagon" toID="h11" toText="Pentagon" />
<head_link id="he8" fromID="f10" fromText="Room 3.4A" toID="h124" toText="3.4A" />
<head_link id="he9" fromID="f11" fromText="Room" toID="h126" toText="Room" />
<name_link id="na0" fromID="l0" fromText="National Capital Region" toID="n0" toText="National Capital Region" />
<name_link id="na1" fromID="o0" fromText="U.S. Customs" toID="n1" toText="U.S. Customs" />
<name_link id="na2" fromID="g0" fromText="WASHINGTON, DC" toID="n2" toText="WASHINGTON, DC" />
<name_link id="na3" fromID="o1" fromText="The U.S. Customs Air and Marine Interdiction Division" toID="n3" toText="U.S. Customs Air and Marine Interdiction Division" />
<name_link id="na4" fromID="o2" fromText="U.S. Customs" toID="n4" toText="U.S. Customs" />
<name_link id="na5" fromID="l1" fromText="the National Capital Region" toID="n5" toText="National Capital Region" />
<name_link id="na11" fromID="o8" fromText="the National Capital Region Coordination Center (NCRCC" toID="n11" toText="National Capital Region Coordination Center" />
<name_link id="na12" fromID="o9" fromText="NCRCC" toID="n12" toText="NCRCC" />
<name_link id="na13" fromID="g1" fromText="Washington, DC" toID="n13" toText="Washington, DC" />
<name_link id="na14" fromID="l3" fromText="the National Capital Region" toID="n14" toText="National Capital Region" />
<name_link id="na16" fromID="o12" fromText="U.S. Customs" toID="n16" toText="U.S. Customs" />
<name_link id="na17" fromID="o13" fromText="FAA" toID="n17" toText="FAA" />
<name_link id="na18" fromID="o14" fromText="TSA" toID="n18" toText="TSA" />
<name_link id="na19" fromID="o15" fromText="Secret Service" toID="n19" toText="Secret Service" />
<name_link id="na20" fromID="o16" fromText="DoD" toID="n20" toText="DoD" />
<name_link id="na21" fromID="o18" fromText="U.S. Park Police" toID="n21" toText="U.S. Park Police" />
<name_link id="na22" fromID="o19" fromText="FEMA" toID="n22" toText="FEMA" />
<name_link id="na23" fromID="o20" fromText="U.S. Capitol Police" toID="n23" toText="U.S. Capitol Police" />
<name_link id="na6" fromID="o3" fromText="The NCRCC" toID="n6" toText="NCRCC" />
<name_link id="na7" fromID="o4" fromText="the NCRCC" toID="n15" toText="NCRCC" />
<name_link id="na24" fromID="o22" fromText="Customs" toID="n7" toText="Customs" />
<name_link id="na25" fromID="g2" fromText="San Diego" toID="n24" toText="San Diego" />
<name_link id="na26" fromID="o23" fromText="Customs" toID="n25" toText="Customs" />
<name_link id="na27" fromID="o24" fromText="the Customs Air and Marine Interdiction Division" toID="n26" toText="Customs Air and Marine Interdiction Division" />
<name_link id="na28" fromID="g5" fromText="American" toID="n27" toText="American" />
<name_link id="na29" fromID="g6" fromText="the U.S" toID="n28" toText="U.S" />
<name_link id="na30" fromID="o25" fromText="Customs" toID="n29" toText="Customs" />
<name_link id="na31" fromID="o26" fromText="the AMID" toID="n30" toText="AMID" />
<name_link id="na32" fromID="o27" fromText="the Customs Air and Marine Interdiction Division (AMID" toID="n31" toText="Customs Air and Marine Interdiction Division" />
<name_link id="na33" fromID="o28" fromText="AMID" toID="n32" toText="AMID" />
<name_link id="na34" fromID="o29" fromText="Customs" toID="n33" toText="Customs" />
<name_link id="na35" fromID="o31" fromText="the Federal Aviation Administration's (FAA" toID="n34" toText="Federal Aviation Administration" />
<name_link id="na36" fromID="o32" fromText="FAA" toID="n35" toText="FAA" />
<name_link id="na37" fromID="o33" fromText="Customs" toID="n36" toText="Customs" />
<name_link id="na38" fromID="g8" fromText="the United States" toID="n37" toText="United States" />
<name_link id="na39" fromID="o34" fromText="The Customs Air and Marine Interdiction Coordination Center (AMICC) in Riverside, Calif." toID="n38" toText="Customs Air and Marine Interdiction Coordination Center" />
<name_link id="na40" fromID="o35" fromText="AMICC" toID="n39" toText="AMICC" />
<name_link id="na41" fromID="g9" fromText="Riverside, Calif." toID="n40" toText="Riverside" />
<name_link id="na42" fromID="g10" fromText="Calif." toID="n41" toText="Calif." />
<name_link id="na43" fromID="o36" fromText="AMID" toID="n42" toText="AMID" />
<name_link id="na44" fromID="o37" fromText="The AMICC" toID="n43" toText="AMICC" />
<name_link id="na46" fromID="o39" fromText="North American Aerospace Defense Command (NORAD" toID="n44" toText="North American Aerospace Defense Command" />
<name_link id="na47" fromID="o40" fromText="NORAD" toID="n45" toText="NORAD" />
<name_link id="na48" fromID="g12" fromText="U.S." toID="n46" toText="U.S." />
<name_link id="na49" fromID="o41" fromText="Customs" toID="n47" toText="Customs" />
<name_link id="na50" fromID="o42" fromText="NORAD" toID="n48" toText="NORAD" />
<name_link id="na51" fromID="o43" fromText="Customs" toID="n49" toText="Customs" />
<name_link id="na52" fromID="o45" fromText="FBI" toID="n50" toText="FBI" />
<name_link id="na53" fromID="o46" fromText="ATF" toID="n51" toText="ATF" />
<name_link id="na54" fromID="o47" fromText="Secret Service" toID="n52" toText="Secret Service" />
<name_link id="na55" fromID="o48" fromText="AMID" toID="n53" toText="AMID" />
<name_link id="na56" fromID="o50" fromText="the Interagency Homeland Air Security Steering Group, which is tasked with developing the nation's homeland security strategy and operational concept" toID="n54" toText="Interagency Homeland Air Security Steering Group" />
<name_link id="na57" fromID="o52" fromText="AMID" toID="n56" toText="AMID" />
<name_link id="na58" fromID="l13" fromText="the National Capital Region" toID="n57" toText="National Capital Region" />
<name_link id="na59" fromID="o53" fromText="U.S. Customs" toID="n58" toText="U.S. Customs" />
<name_link id="na60" fromID="g14" fromText="Salt Lake City" toID="n59" toText="Salt Lake City" />
<name_link id="na61" fromID="o54" fromText="AMID" toID="n60" toText="AMID" />
<name_link id="na62" fromID="o55" fromText="the Airspace Security Operations Center at Hill Air Force Base" toID="n61" toText="Airspace Security Operations Center" />
<name_link id="na63" fromID="f2" fromText="Hill Air Force Base" toID="n62" toText="Hill Air Force Base" />
<name_link id="na64" fromID="l14" fromText="the National Capital Region" toID="n63" toText="National Capital Region" />
<name_link id="na65" fromID="o56" fromText="AMID" toID="n64" toText="AMID" />
<name_link id="na66" fromID="l15" fromText="the National Capital Region" toID="n65" toText="National Capital Region" />
<name_link id="na67" fromID="o57" fromText="Customs" toID="n66" toText="Customs" />
<name_link id="na68" fromID="o58" fromText="Customs" toID="n67" toText="Customs" />
<name_link id="na15" fromID="l16" fromText="the National Capital Region" toID="n68" toText="National Capital Region" />
<name_link id="na45" fromID="o38" fromText="Customs" toID="n55" toText="Customs" />
<name_link id="na69" fromID="o49" fromText="Customs" toID="n69" toText="Customs" />
<name_link id="na70" fromID="o59" fromText="Customs" toID="n70" toText="Customs" />
<name_link id="na71" fromID="g17" fromText="DC" toID="n71" toText="DC" />
<name_link id="na72" fromID="o60" fromText="Customs" toID="n72" toText="Customs" />
<name_link id="na73" fromID="o62" fromText="AMID" toID="n73" toText="AMID" />
<name_link id="na74" fromID="g18" fromText="the United States" toID="n74" toText="United States" />
<name_link id="na75" fromID="o63" fromText="Department of Energy" toID="n75" toText="Department of Energy" />
<name_link id="na76" fromID="o64" fromText="CBP Public Affairs" toID="n76" toText="CBP Public Affairs" />
<name_link id="na77" fromID="o65" fromText="CBP" toID="n77" toText="CBP" />
<name_link id="na78" fromID="o66" fromText="Office of Public Affairs" toID="n78" toText="Office of Public Affairs" />
<name_link id="na79" fromID="g19" fromText="Washington, DC" toID="n79" toText="Washington, DC" />
<name_link id="na80" fromID="f5" fromText="1300 Pennsylvania Ave., N.W." toID="n80" toText="1300" />
<name_link id="na82" fromID="f7" fromText="Pennsylvania Ave., N.W." toID="n82" toText="Pennsylvania Ave., N.W." />
<name_link id="na81" fromID="f6" fromText="the White House, U.S. Capitol, and Pentagon" toID="n8" toText="White House" />
<name_link id="na83" fromID="f8" fromText="the White House, U.S. Capitol, and Pentagon" toID="n9" toText="U.S. Capitol" />
<name_link id="na84" fromID="f9" fromText="the White House, U.S. Capitol, and Pentagon" toID="n10" toText="Pentagon" />
<name_link id="na8" fromID="f10" fromText="Room 3.4A" toID="n81" toText="3.4A" />
<relation_link1 id="r0" fromID="e0" fromText="Customs officials" toID="p3" toText="Customs officials" />
<relation_link1 id="r1" fromID="lo0" fromText="Strategic planners at AMID headquarters" toID="p5" toText="Strategic planners at AMID headquarters" />
<relation_link1 id="r2" fromID="e1" fromText="AMID officials" toID="p8" toText="AMID officials" />
<relation_link1 id="r3" fromID="e2" fromText="Customs aircraft and crews" toID="p10" toText="Customs aircraft and crews" />
<relation_link1 id="r4" fromID="e3" fromText="Customs aircraft and crews" toID="p11" toText="Customs aircraft and crews" />
<relation_link1 id="r5" fromID="e4" fromText="Customs Detection System Specialists" toID="p12" toText="Customs Detection System Specialists" />
<relation_link2 id="re0" fromID="e0" fromText="Customs officials" toID="o29" toText="Customs" />
<relation_link2 id="re1" fromID="lo0" fromText="Strategic planners at AMID headquarters" toID="f0" toText="AMID headquarters" />
<relation_link2 id="re2" fromID="e1" fromText="AMID officials" toID="o54" toText="AMID" />
<relation_link2 id="re3" fromID="e2" fromText="Customs aircraft and crews" toID="o58" toText="Customs" />
<relation_link2 id="re4" fromID="e3" fromText="Customs aircraft and crews" toID="o38" toText="Customs" />
<relation_link2 id="re5" fromID="e4" fromText="Customs Detection System Specialists" toID="o49" toText="Customs" />
</TAGS>
</KddTask>