<?xml version="1.0" encoding="UTF-8" ?>
<KddTask>
<TEXT><![CDATA[
CBP Border Patrol Seizes Over 5,200 Pounds of Marijuana in Weekend Busts
Seizures valued at over 4.1 million dollars
(Monday, April 05, 2004)
Falfurrias, Texas  - The first seizure came on Friday evening at the U.S. Customs and Border Protection (CBP) Falfurrias Border Patrol traffic checkpoint. As CBP Border Patrol agents were conducting immigration checkpoint operations, a Freightliner tractor-trailer approached the checkpoint. As the agent on primary inspection conducted an immigration inspection, a Border Patrol canine unit conducted a routine, non-intrusive "sniff" of the truck and trailer. The canine alerted to the trailer.
The vehicle was referred to the secondary inspection area where agents again utilized a CBP canine to search the cargo of the trailer. The canine alerted to a box sitting on a pallet. The agents examined the box and found several bundles of marijuana. A further search revealed 259 bundles of marijuana. The marijuana has an estimated value of $1,352,000. The case was turned over to the Drug Enforcement Administration in Corpus Christi, Texas.
The second seizure was in the pre-dawn hours of Saturday morning in the town of Falcon Heights, Texas. CBP Border Patrol agents assigned to the McAllen Sector's Rio Grande City Border Patrol Station were on routine patrol when they caught a glimpse of a vehicle traveling north from the river area with its headlights off. As the agents searched the small town for the vehicle, they encountered several subjects at a residence unloading bundles from two pickup trucks and a gooseneck trailer. When the subjects noticed the agents, they literally dropped what they were doing and ran off into nearby brush. Agents found bundles of marijuana strewn throughout the yard, with a trail of bundles leading into the house. Both vehicles had bundles of marijuana scattered around them and the doors were left open with bundles clearly visible inside. Agents seized 211 bundles of marijuana, two pickup trucks and a 20' gooseneck flatbed trailer. The marijuana weighed 3,542 pounds with an estimated value of $2,833,600.
"This is a prime example of how capable and determined our Border Patrol Agents are," stated Chief Patrol Agent Ramon T. Ortega. "Regardless of the weather conditions, through their dedication and perseverance they were able to successfully seize this immense amount of contraband."
The Border Patrol is a division of the U.S. Customs and Border Protection, an agency within the Department of Homeland Security, responsible for managing and securing our Nation's borders.
McAllen Sector
CBP Public Affairs
Phone:
(956) 984-3855
CBP Headquarters
Office of Public Affairs
1300 Pennsylvania Ave., N.W.
Room 3.4A
Washington, DC 20229
Phone:
(202) 344-1780
 or
(800) 826-1471
Fax:
(202) 344-1393prev | next(10 of 11)back to April 2004How to
Use the Website Featured RSS LinksWhat's NewContactsPortsQuestions/ComplaintsFormsSitemapEEO/DCR  |FOIA  |Privacy Statement  |Get Plugins  |En EspaolDepartment of
Homeland SecurityUSA.gov
Inquiries (877) CBP-5511 | International Callers (703) 526-4200 | TTD (866) 880-6582  | Media Only (202) 344-1780 <
]]></TEXT>
<TAGS>
<person id="p0" start="301" end="325" text="CBP Border Patrol agents" TYPE="BAR" />
<person id="p1" start="438" end="469" text="the agent on primary inspection" TYPE="NOM" />
<person id="p2" start="703" end="709" text="agents" TYPE="BAR" />
<person id="p3" start="823" end="833" text="The agents" TYPE="NOM" />
<person id="p4" start="1188" end="1283" text="CBP Border Patrol agents assigned to the McAllen Sector's Rio Grande City Border Patrol Station" TYPE="BAR" />
<person id="p5" start="1312" end="1316" text="they" TYPE="PRO" />
<person id="p6" start="1411" end="1421" text="the agents" TYPE="NOM" />
<person id="p7" start="1463" end="1467" text="they" TYPE="PRO" />
<person id="p8" start="1480" end="1576" text="several subjects at a residence unloading bundles from two pickup trucks and a gooseneck trailer" TYPE="NOM" />
<person id="p9" start="1583" end="1595" text="the subjects" TYPE="NOM" />
<person id="p10" start="1604" end="1614" text="the agents" TYPE="NOM" />
<person id="p11" start="1616" end="1620" text="they" TYPE="PRO" />
<person id="p12" start="1644" end="1648" text="they" TYPE="PRO" />
<person id="p13" start="1691" end="1697" text="Agents" TYPE="BAR" />
<person id="p14" start="1928" end="1934" text="Agents" TYPE="BAR" />
<person id="p15" start="2152" end="2176" text="our Border Patrol Agents" TYPE="BAR" />
<person id="p16" start="2190" end="2224" text="Chief Patrol Agent Ramon T. Ortega" TYPE="NAM" />
<person id="p17" start="2190" end="2208" text="Chief Patrol Agent" TYPE="NOM" />
<person id="p18" start="2273" end="2278" text="their" TYPE="PRO" />
<person id="p19" start="2307" end="2311" text="they" TYPE="PRO" />
<organization id="o0" start="1" end="18" text="CBP Border Patrol" TYPE="NAM" />
<organization id="o1" start="212" end="277" text="U.S. Customs and Border Protection (CBP) Falfurrias Border Patrol" TYPE="NAMPRE" />
<organization id="o2" start="212" end="251" text="U.S. Customs and Border Protection (CBP" TYPE="NAMPRE" />
<organization id="o3" start="248" end="251" text="CBP" TYPE="NAM" />
<organization id="o4" start="301" end="318" text="CBP Border Patrol" TYPE="NAMPRE" />
<organization id="o5" start="507" end="534" text="a Border Patrol canine unit" TYPE="NOM" />
<organization id="o6" start="509" end="522" text="Border Patrol" TYPE="NAMPRE" />
<organization id="o7" start="727" end="730" text="CBP" TYPE="NAMPRE" />
<organization id="o8" start="1023" end="1083" text="the Drug Enforcement Administration in Corpus Christi, Texas" TYPE="NAM" />
<organization id="o9" start="1188" end="1205" text="CBP Border Patrol" TYPE="NAMPRE" />
<organization id="o10" start="1225" end="1243" text="the McAllen Sector" TYPE="NAM" />
<organization id="o11" start="2156" end="2169" text="Border Patrol" TYPE="NAMPRE" />
<organization id="o12" start="2152" end="2155" text="our" TYPE="PRO" />
<organization id="o13" start="2196" end="2202" text="Patrol" TYPE="BAR" />
<organization id="o14" start="2380" end="2397" text="The Border Patrol" TYPE="NAM" />
<organization id="o19" start="2401" end="2567" text="a division of the U.S. Customs and Border Protection, an agency within the Department of Homeland Security, responsible for managing and securing our Nation's borders" TYPE="NOM" />
<organization id="o20" start="2415" end="2567" text="the U.S. Customs and Border Protection, an agency within the Department of Homeland Security, responsible for managing and securing our Nation's borders" TYPE="APP" />
<organization id="o21" start="2415" end="2453" text="the U.S. Customs and Border Protection" TYPE="NAM" />
<organization id="o22" start="2455" end="2567" text="an agency within the Department of Homeland Security, responsible for managing and securing our Nation's borders" TYPE="NOM" />
<organization id="o24" start="2472" end="2567" text="the Department of Homeland Security, responsible for managing and securing our Nation's borders" TYPE="NAM" />
<organization id="o15" start="2584" end="2602" text="CBP Public Affairs" TYPE="NAM" />
<organization id="o16" start="2625" end="2628" text="CBP" TYPE="NAMPRE" />
<organization id="o17" start="2642" end="2666" text="Office of Public Affairs" TYPE="NAM" />
<organization id="o18" start="2569" end="2583" text="McAllen Sector" TYPE="NAM" />
<organization id="o23" start="1" end="4" text="CBP" TYPE="NAMPRE" />
<organization id="o25" start="301" end="304" text="CBP" TYPE="NAMPRE" />
<organization id="o26" start="1188" end="1191" text="CBP" TYPE="NAMPRE" />
<geographical-political id="g0" start="143" end="160" text="Falfurrias, Texas" TYPE="NAM" />
<geographical-political id="g1" start="155" end="160" text="Texas" TYPE="NAM" />
<geographical-political id="g2" start="1062" end="1083" text="Corpus Christi, Texas" TYPE="NAM" />
<geographical-political id="g3" start="1078" end="1083" text="Texas" TYPE="NAM" />
<geographical-political id="g4" start="1153" end="1186" text="the town of Falcon Heights, Texas" TYPE="NOM" />
<geographical-political id="g5" start="1165" end="1186" text="Falcon Heights, Texas" TYPE="NAM" />
<geographical-political id="g6" start="1181" end="1186" text="Texas" TYPE="NAM" />
<geographical-political id="g7" start="1431" end="1445" text="the small town" TYPE="NOM" />
<geographical-political id="g8" start="2551" end="2557" text="Nation" TYPE="BAR" />
<geographical-political id="g9" start="2547" end="2550" text="our" TYPE="PRO" />
<geographical-political id="g10" start="2706" end="2720" text="Washington, DC" TYPE="NAM" />
<location id="l0" start="2547" end="2567" text="our Nation's borders" TYPE="BAR" />
<falicity id="f0" start="208" end="296" text="the U.S. Customs and Border Protection (CBP) Falfurrias Border Patrol traffic checkpoint" TYPE="NOM" />
<falicity id="f1" start="419" end="433" text="the checkpoint" TYPE="NOM" />
<falicity id="f3" start="1225" end="1283" text="the McAllen Sector's Rio Grande City Border Patrol Station" TYPE="NAM" />
<falicity id="f4" start="1790" end="1799" text="the house" TYPE="NOM" />
<falicity id="f5" start="1743" end="1751" text="the yard" TYPE="NOM" />
<falicity id="f2" start="2625" end="2641" text="CBP Headquarters" TYPE="BAR" />
<falicity id="f6" start="2667" end="2695" text="1300 Pennsylvania Ave., N.W." TYPE="NAM" />
<falicity id="f7" start="2672" end="2695" text="Pennsylvania Ave., N.W." TYPE="NAM" />
<falicity id="f8" start="2696" end="2705" text="Room 3.4A" TYPE="NAM" />
<falicity id="f9" start="2696" end="2700" text="Room" TYPE="BAR" />
<head id="h1" start="143" end="153" text="Falfurrias" />
<head id="h2" start="155" end="160" text="Texas" />
<head id="h3" start="286" end="296" text="checkpoint" />
<head id="h4" start="253" end="277" text="Falfurrias Border Patrol" />
<head id="h5" start="212" end="246" text="U.S. Customs and Border Protection" />
<head id="h6" start="248" end="251" text="CBP" />
<head id="h7" start="319" end="325" text="agents" />
<head id="h9" start="423" end="433" text="checkpoint" />
<head id="h10" start="442" end="447" text="agent" />
<head id="h11" start="530" end="534" text="unit" />
<head id="h12" start="509" end="522" text="Border Patrol" />
<head id="h13" start="703" end="709" text="agents" />
<head id="h14" start="727" end="730" text="CBP" />
<head id="h15" start="827" end="833" text="agents" />
<head id="h16" start="1027" end="1058" text="Drug Enforcement Administration" />
<head id="h17" start="1062" end="1076" text="Corpus Christi" />
<head id="h18" start="1078" end="1083" text="Texas" />
<head id="h19" start="1157" end="1161" text="town" />
<head id="h20" start="1165" end="1179" text="Falcon Heights" />
<head id="h21" start="1181" end="1186" text="Texas" />
<head id="h22" start="1206" end="1212" text="agents" />
<head id="h24" start="1246" end="1283" text="Rio Grande City Border Patrol Station" />
<head id="h25" start="1229" end="1243" text="McAllen Sector" />
<head id="h26" start="1312" end="1316" text="they" />
<head id="h27" start="1415" end="1421" text="agents" />
<head id="h28" start="1441" end="1445" text="town" />
<head id="h29" start="1463" end="1467" text="they" />
<head id="h30" start="1488" end="1496" text="subjects" />
<head id="h31" start="1587" end="1595" text="subjects" />
<head id="h32" start="1608" end="1614" text="agents" />
<head id="h33" start="1616" end="1620" text="they" />
<head id="h34" start="1644" end="1648" text="they" />
<head id="h35" start="1691" end="1697" text="Agents" />
<head id="h36" start="1794" end="1799" text="house" />
<head id="h37" start="1747" end="1751" text="yard" />
<head id="h38" start="1928" end="1934" text="Agents" />
<head id="h39" start="2170" end="2176" text="Agents" />
<head id="h40" start="2156" end="2169" text="Border Patrol" />
<head id="h41" start="2152" end="2155" text="our" />
<head id="h42" start="2209" end="2224" text="Ramon T. Ortega" />
<head id="h43" start="2203" end="2208" text="Agent" />
<head id="h44" start="2196" end="2202" text="Patrol" />
<head id="h45" start="2273" end="2278" text="their" />
<head id="h46" start="2307" end="2311" text="they" />
<head id="h47" start="2384" end="2397" text="Border Patrol" />
<head id="h48" start="2403" end="2411" text="division" />
<head id="h50" start="2419" end="2453" text="U.S. Customs and Border Protection" />
<head id="h51" start="2458" end="2464" text="agency" />
<head id="h52" start="2476" end="2507" text="Department of Homeland Security" />
<head id="h53" start="2560" end="2567" text="borders" />
<head id="h54" start="2551" end="2557" text="Nation" />
<head id="h55" start="2547" end="2550" text="our" />
<head id="h49" start="2584" end="2602" text="CBP Public Affairs" />
<head id="h56" start="2629" end="2641" text="Headquarters" />
<head id="h57" start="2625" end="2628" text="CBP" />
<head id="h58" start="2642" end="2666" text="Office of Public Affairs" />
<head id="h59" start="2667" end="2671" text="1300" />
<head id="h60" start="2672" end="2695" text="Pennsylvania Ave., N.W." />
<head id="h61" start="2706" end="2720" text="Washington, DC" />
<head id="h62" start="2701" end="2705" text="3.4A" />
<head id="h63" start="2696" end="2700" text="Room" />
<head id="h64" start="2569" end="2583" text="McAllen Sector" />
<head id="h0" start="5" end="18" text="Border Patrol" />
<head id="h65" start="1" end="4" text="CBP" />
<head id="h66" start="305" end="318" text="Border Patrol" />
<head id="h67" start="301" end="304" text="CBP" />
<head id="h68" start="1192" end="1205" text="Border Patrol" />
<head id="h69" start="1188" end="1191" text="CBP" />
<name id="n1" start="143" end="153" text="Falfurrias" />
<name id="n2" start="155" end="160" text="Texas" />
<name id="n3" start="253" end="277" text="Falfurrias Border Patrol" />
<name id="n4" start="212" end="246" text="U.S. Customs and Border Protection" />
<name id="n5" start="248" end="251" text="CBP" />
<name id="n7" start="509" end="522" text="Border Patrol" />
<name id="n8" start="727" end="730" text="CBP" />
<name id="n9" start="1027" end="1058" text="Drug Enforcement Administration" />
<name id="n10" start="1062" end="1076" text="Corpus Christi" />
<name id="n11" start="1078" end="1083" text="Texas" />
<name id="n12" start="1165" end="1179" text="Falcon Heights" />
<name id="n13" start="1181" end="1186" text="Texas" />
<name id="n15" start="1246" end="1283" text="Rio Grande City Border Patrol Station" />
<name id="n16" start="1229" end="1243" text="McAllen Sector" />
<name id="n17" start="2156" end="2169" text="Border Patrol" />
<name id="n18" start="2209" end="2224" text="Ramon T. Ortega" />
<name id="n19" start="2384" end="2397" text="Border Patrol" />
<name id="n20" start="2419" end="2453" text="U.S. Customs and Border Protection" />
<name id="n21" start="2476" end="2507" text="Department of Homeland Security" />
<name id="n22" start="2584" end="2602" text="CBP Public Affairs" />
<name id="n23" start="2625" end="2628" text="CBP" />
<name id="n24" start="2642" end="2666" text="Office of Public Affairs" />
<name id="n25" start="2672" end="2695" text="Pennsylvania Ave., N.W." />
<name id="n26" start="2706" end="2720" text="Washington, DC" />
<name id="n27" start="2701" end="2705" text="3.4A" />
<name id="n28" start="2569" end="2583" text="McAllen Sector" />
<name id="n0" start="5" end="18" text="Border Patrol" />
<name id="n29" start="1" end="4" text="CBP" />
<name id="n30" start="305" end="318" text="Border Patrol" />
<name id="n31" start="301" end="304" text="CBP" />
<name id="n32" start="1192" end="1205" text="Border Patrol" />
<name id="n33" start="1188" end="1191" text="CBP" />
<located-mention id="lo0" start="1188" end="1283" text="CBP Border Patrol agents assigned to the McAllen Sector's Rio Grande City Border Patrol Station" TYPE="Participial" />
<located-mention id="lo1" start="1408" end="1576" text="As the agents searched the small town for the vehicle, they encountered several subjects at a residence unloading bundles from two pickup trucks and a gooseneck trailer" TYPE="Verbal" />
<employment-mention id="e0" start="301" end="325" text="CBP Border Patrol agents" TYPE="PreMod" />
<employment-mention id="e1" start="1188" end="1283" text="CBP Border Patrol agents assigned to the McAllen Sector's Rio Grande City Border Patrol Station" TYPE="PreMod" />
<employment-mention id="e2" start="2152" end="2176" text="our Border Patrol Agents" TYPE="PreMod" />
<employment-mention id="e3" start="2152" end="2176" text="our Border Patrol Agents" TYPE="PreMod" />
<employment-mention id="e4" start="2190" end="2208" text="Chief Patrol Agent" TYPE="Other" />
<entity_link id="en0" fromID="o3" fromText="CBP" toID="o2" toText="U.S. Customs and Border Protection (CBP" />
<entity_link id="en1" fromID="o1" fromText="U.S. Customs and Border Protection (CBP) Falfurrias Border Patrol" toID="o0" toText="CBP Border Patrol" />
<entity_link id="en2" fromID="f1" fromText="the checkpoint" toID="f0" toText="the U.S. Customs and Border Protection (CBP) Falfurrias Border Patrol traffic checkpoint" />
<entity_link id="en3" fromID="o6" fromText="Border Patrol" toID="o4" toText="CBP Border Patrol" />
<entity_link id="en4" fromID="o4" fromText="CBP Border Patrol" toID="o1" toText="U.S. Customs and Border Protection (CBP) Falfurrias Border Patrol" />
<entity_link id="en5" fromID="p2" fromText="agents" toID="p0" toText="CBP Border Patrol agents" />
<entity_link id="en6" fromID="o7" fromText="CBP" toID="o2" toText="U.S. Customs and Border Protection (CBP" />
<entity_link id="en7" fromID="p3" fromText="The agents" toID="p2" toText="agents" />
<entity_link id="en8" fromID="g3" fromText="Texas" toID="g1" toText="Texas" />
<entity_link id="en9" fromID="g5" fromText="Falcon Heights, Texas" toID="g4" toText="the town of Falcon Heights, Texas" />
<entity_link id="en10" fromID="g6" fromText="Texas" toID="g3" toText="Texas" />
<entity_link id="en11" fromID="o9" fromText="CBP Border Patrol" toID="o4" toText="CBP Border Patrol" />
<entity_link id="en12" fromID="p5" fromText="they" toID="p4" toText="CBP Border Patrol agents assigned to the McAllen Sector's Rio Grande City Border Patrol Station" />
<entity_link id="en13" fromID="p6" fromText="the agents" toID="p5" toText="they" />
<entity_link id="en14" fromID="p7" fromText="they" toID="p6" toText="the agents" />
<entity_link id="en15" fromID="p9" fromText="the subjects" toID="p8" toText="several subjects at a residence unloading bundles from two pickup trucks and a gooseneck trailer" />
<entity_link id="en16" fromID="p10" fromText="the agents" toID="p7" toText="they" />
<entity_link id="en17" fromID="p11" fromText="they" toID="p9" toText="the subjects" />
<entity_link id="en18" fromID="p12" fromText="they" toID="p11" toText="they" />
<entity_link id="en19" fromID="p13" fromText="Agents" toID="p10" toText="the agents" />
<entity_link id="en20" fromID="p14" fromText="Agents" toID="p13" toText="Agents" />
<entity_link id="en21" fromID="o11" fromText="Border Patrol" toID="o9" toText="CBP Border Patrol" />
<entity_link id="en22" fromID="o12" fromText="our" toID="o7" toText="CBP" />
<entity_link id="en23" fromID="p17" fromText="Chief Patrol Agent" toID="p16" toText="Chief Patrol Agent Ramon T. Ortega" />
<entity_link id="en24" fromID="p18" fromText="their" toID="p15" toText="our Border Patrol Agents" />
<entity_link id="en25" fromID="p19" fromText="they" toID="p18" toText="their" />
<entity_link id="en26" fromID="o14" fromText="The Border Patrol" toID="o11" toText="Border Patrol" />
<entity_link id="en31" fromID="o19" fromText="a division of the U.S. Customs and Border Protection, an agency within the Department of Homeland Security, responsible for managing and securing our Nation's borders" toID="o14" toText="The Border Patrol" />
<entity_link id="en32" fromID="o21" fromText="the U.S. Customs and Border Protection" toID="o20" toText="the U.S. Customs and Border Protection, an agency within the Department of Homeland Security, responsible for managing and securing our Nation's borders" />
<entity_link id="en33" fromID="o21" fromText="the U.S. Customs and Border Protection" toID="o7" toText="CBP" />
<entity_link id="en34" fromID="o22" fromText="an agency within the Department of Homeland Security, responsible for managing and securing our Nation's borders" toID="o21" toText="the U.S. Customs and Border Protection" />
<entity_link id="en35" fromID="g7" fromText="the small town" toID="g4" toText="the town of Falcon Heights, Texas" />
<entity_link id="en36" fromID="g9" fromText="our" toID="g8" toText="Nation" />
<entity_link id="en27" fromID="o16" fromText="CBP" toID="o21" toText="the U.S. Customs and Border Protection" />
<entity_link id="en28" fromID="o17" fromText="Office of Public Affairs" toID="o15" toText="CBP Public Affairs" />
<entity_link id="en29" fromID="f9" fromText="Room" toID="f8" toText="Room 3.4A" />
<entity_link id="en30" fromID="o2" fromText="U.S. Customs and Border Protection (CBP" toID="o23" toText="CBP" />
<entity_link id="en37" fromID="o25" fromText="CBP" toID="o3" toText="CBP" />
<entity_link id="en38" fromID="o26" fromText="CBP" toID="o7" toText="CBP" />
<head_link id="he1" fromID="g0" fromText="Falfurrias, Texas" toID="h1" toText="Falfurrias" />
<head_link id="he2" fromID="g1" fromText="Texas" toID="h2" toText="Texas" />
<head_link id="he3" fromID="f0" fromText="the U.S. Customs and Border Protection (CBP) Falfurrias Border Patrol traffic checkpoint" toID="h3" toText="checkpoint" />
<head_link id="he4" fromID="o1" fromText="U.S. Customs and Border Protection (CBP) Falfurrias Border Patrol" toID="h4" toText="Falfurrias Border Patrol" />
<head_link id="he5" fromID="o2" fromText="U.S. Customs and Border Protection (CBP" toID="h5" toText="U.S. Customs and Border Protection" />
<head_link id="he6" fromID="o3" fromText="CBP" toID="h6" toText="CBP" />
<head_link id="he7" fromID="p0" fromText="CBP Border Patrol agents" toID="h7" toText="agents" />
<head_link id="he9" fromID="f1" fromText="the checkpoint" toID="h9" toText="checkpoint" />
<head_link id="he10" fromID="p1" fromText="the agent on primary inspection" toID="h10" toText="agent" />
<head_link id="he11" fromID="o5" fromText="a Border Patrol canine unit" toID="h11" toText="unit" />
<head_link id="he12" fromID="o6" fromText="Border Patrol" toID="h12" toText="Border Patrol" />
<head_link id="he13" fromID="p2" fromText="agents" toID="h13" toText="agents" />
<head_link id="he14" fromID="o7" fromText="CBP" toID="h14" toText="CBP" />
<head_link id="he15" fromID="p3" fromText="The agents" toID="h15" toText="agents" />
<head_link id="he16" fromID="o8" fromText="the Drug Enforcement Administration in Corpus Christi, Texas" toID="h16" toText="Drug Enforcement Administration" />
<head_link id="he17" fromID="g2" fromText="Corpus Christi, Texas" toID="h17" toText="Corpus Christi" />
<head_link id="he18" fromID="g3" fromText="Texas" toID="h18" toText="Texas" />
<head_link id="he19" fromID="g4" fromText="the town of Falcon Heights, Texas" toID="h19" toText="town" />
<head_link id="he20" fromID="g5" fromText="Falcon Heights, Texas" toID="h20" toText="Falcon Heights" />
<head_link id="he21" fromID="g6" fromText="Texas" toID="h21" toText="Texas" />
<head_link id="he22" fromID="p4" fromText="CBP Border Patrol agents assigned to the McAllen Sector's Rio Grande City Border Patrol Station" toID="h22" toText="agents" />
<head_link id="he24" fromID="f3" fromText="the McAllen Sector's Rio Grande City Border Patrol Station" toID="h24" toText="Rio Grande City Border Patrol Station" />
<head_link id="he25" fromID="o10" fromText="the McAllen Sector" toID="h25" toText="McAllen Sector" />
<head_link id="he26" fromID="p5" fromText="they" toID="h26" toText="they" />
<head_link id="he27" fromID="p6" fromText="the agents" toID="h27" toText="agents" />
<head_link id="he28" fromID="g7" fromText="the small town" toID="h28" toText="town" />
<head_link id="he29" fromID="p7" fromText="they" toID="h29" toText="they" />
<head_link id="he31" fromID="p8" fromText="several subjects at a residence unloading bundles from two pickup trucks and a gooseneck trailer" toID="h30" toText="subjects" />
<head_link id="he32" fromID="p9" fromText="the subjects" toID="h31" toText="subjects" />
<head_link id="he33" fromID="p10" fromText="the agents" toID="h32" toText="agents" />
<head_link id="he34" fromID="p11" fromText="they" toID="h33" toText="they" />
<head_link id="he35" fromID="p12" fromText="they" toID="h34" toText="they" />
<head_link id="he36" fromID="p13" fromText="Agents" toID="h35" toText="Agents" />
<head_link id="he37" fromID="f4" fromText="the house" toID="h36" toText="house" />
<head_link id="he38" fromID="f5" fromText="the yard" toID="h37" toText="yard" />
<head_link id="he39" fromID="p14" fromText="Agents" toID="h38" toText="Agents" />
<head_link id="he40" fromID="p15" fromText="our Border Patrol Agents" toID="h39" toText="Agents" />
<head_link id="he41" fromID="o11" fromText="Border Patrol" toID="h40" toText="Border Patrol" />
<head_link id="he42" fromID="o12" fromText="our" toID="h41" toText="our" />
<head_link id="he43" fromID="p16" fromText="Chief Patrol Agent Ramon T. Ortega" toID="h42" toText="Ramon T. Ortega" />
<head_link id="he44" fromID="p17" fromText="Chief Patrol Agent" toID="h43" toText="Agent" />
<head_link id="he45" fromID="o13" fromText="Patrol" toID="h44" toText="Patrol" />
<head_link id="he46" fromID="p18" fromText="their" toID="h45" toText="their" />
<head_link id="he47" fromID="p19" fromText="they" toID="h46" toText="they" />
<head_link id="he48" fromID="o14" fromText="The Border Patrol" toID="h47" toText="Border Patrol" />
<head_link id="he52" fromID="o19" fromText="a division of the U.S. Customs and Border Protection, an agency within the Department of Homeland Security, responsible for managing and securing our Nation's borders" toID="h48" toText="division" />
<head_link id="he53" fromID="o21" fromText="the U.S. Customs and Border Protection" toID="h50" toText="U.S. Customs and Border Protection" />
<head_link id="he54" fromID="o22" fromText="an agency within the Department of Homeland Security, responsible for managing and securing our Nation's borders" toID="h51" toText="agency" />
<head_link id="he55" fromID="o24" fromText="the Department of Homeland Security, responsible for managing and securing our Nation's borders" toID="h52" toText="Department of Homeland Security" />
<head_link id="he56" fromID="l0" fromText="our Nation's borders" toID="h53" toText="borders" />
<head_link id="he57" fromID="g8" fromText="Nation" toID="h54" toText="Nation" />
<head_link id="he58" fromID="g9" fromText="our" toID="h55" toText="our" />
<head_link id="he30" fromID="o15" fromText="CBP Public Affairs" toID="h49" toText="CBP Public Affairs" />
<head_link id="he49" fromID="f2" fromText="CBP Headquarters" toID="h56" toText="Headquarters" />
<head_link id="he50" fromID="o16" fromText="CBP" toID="h57" toText="CBP" />
<head_link id="he51" fromID="o17" fromText="Office of Public Affairs" toID="h58" toText="Office of Public Affairs" />
<head_link id="he59" fromID="f6" fromText="1300 Pennsylvania Ave., N.W." toID="h59" toText="1300" />
<head_link id="he60" fromID="f7" fromText="Pennsylvania Ave., N.W." toID="h60" toText="Pennsylvania Ave., N.W." />
<head_link id="he61" fromID="g10" fromText="Washington, DC" toID="h61" toText="Washington, DC" />
<head_link id="he62" fromID="f8" fromText="Room 3.4A" toID="h62" toText="3.4A" />
<head_link id="he63" fromID="f9" fromText="Room" toID="h63" toText="Room" />
<head_link id="he64" fromID="o18" fromText="McAllen Sector" toID="h64" toText="McAllen Sector" />
<head_link id="he65" fromID="o0" fromText="CBP Border Patrol" toID="h0" toText="Border Patrol" />
<head_link id="he66" fromID="o23" fromText="CBP" toID="h65" toText="CBP" />
<head_link id="he67" fromID="o4" fromText="CBP Border Patrol" toID="h66" toText="Border Patrol" />
<head_link id="he68" fromID="o25" fromText="CBP" toID="h67" toText="CBP" />
<head_link id="he69" fromID="o9" fromText="CBP Border Patrol" toID="h68" toText="Border Patrol" />
<head_link id="he70" fromID="o26" fromText="CBP" toID="h69" toText="CBP" />
<name_link id="na1" fromID="g0" fromText="Falfurrias, Texas" toID="n1" toText="Falfurrias" />
<name_link id="na2" fromID="g1" fromText="Texas" toID="n2" toText="Texas" />
<name_link id="na3" fromID="o1" fromText="U.S. Customs and Border Protection (CBP) Falfurrias Border Patrol" toID="n3" toText="Falfurrias Border Patrol" />
<name_link id="na4" fromID="o2" fromText="U.S. Customs and Border Protection (CBP" toID="n4" toText="U.S. Customs and Border Protection" />
<name_link id="na5" fromID="o3" fromText="CBP" toID="n5" toText="CBP" />
<name_link id="na7" fromID="o6" fromText="Border Patrol" toID="n7" toText="Border Patrol" />
<name_link id="na8" fromID="o7" fromText="CBP" toID="n8" toText="CBP" />
<name_link id="na9" fromID="o8" fromText="the Drug Enforcement Administration in Corpus Christi, Texas" toID="n9" toText="Drug Enforcement Administration" />
<name_link id="na10" fromID="g2" fromText="Corpus Christi, Texas" toID="n10" toText="Corpus Christi" />
<name_link id="na11" fromID="g3" fromText="Texas" toID="n11" toText="Texas" />
<name_link id="na12" fromID="g5" fromText="Falcon Heights, Texas" toID="n12" toText="Falcon Heights" />
<name_link id="na13" fromID="g6" fromText="Texas" toID="n13" toText="Texas" />
<name_link id="na15" fromID="f3" fromText="the McAllen Sector's Rio Grande City Border Patrol Station" toID="n15" toText="Rio Grande City Border Patrol Station" />
<name_link id="na16" fromID="o10" fromText="the McAllen Sector" toID="n16" toText="McAllen Sector" />
<name_link id="na17" fromID="o11" fromText="Border Patrol" toID="n17" toText="Border Patrol" />
<name_link id="na18" fromID="p16" fromText="Chief Patrol Agent Ramon T. Ortega" toID="n18" toText="Ramon T. Ortega" />
<name_link id="na19" fromID="o14" fromText="The Border Patrol" toID="n19" toText="Border Patrol" />
<name_link id="na20" fromID="o21" fromText="the U.S. Customs and Border Protection" toID="n20" toText="U.S. Customs and Border Protection" />
<name_link id="na21" fromID="o24" fromText="the Department of Homeland Security, responsible for managing and securing our Nation's borders" toID="n21" toText="Department of Homeland Security" />
<name_link id="na22" fromID="o15" fromText="CBP Public Affairs" toID="n22" toText="CBP Public Affairs" />
<name_link id="na23" fromID="o16" fromText="CBP" toID="n23" toText="CBP" />
<name_link id="na24" fromID="o17" fromText="Office of Public Affairs" toID="n24" toText="Office of Public Affairs" />
<name_link id="na25" fromID="f7" fromText="Pennsylvania Ave., N.W." toID="n25" toText="Pennsylvania Ave., N.W." />
<name_link id="na26" fromID="g10" fromText="Washington, DC" toID="n26" toText="Washington, DC" />
<name_link id="na27" fromID="f8" fromText="Room 3.4A" toID="n27" toText="3.4A" />
<name_link id="na28" fromID="o18" fromText="McAllen Sector" toID="n28" toText="McAllen Sector" />
<name_link id="na29" fromID="o0" fromText="CBP Border Patrol" toID="n0" toText="Border Patrol" />
<name_link id="na30" fromID="o23" fromText="CBP" toID="n29" toText="CBP" />
<name_link id="na31" fromID="o4" fromText="CBP Border Patrol" toID="n30" toText="Border Patrol" />
<name_link id="na32" fromID="o25" fromText="CBP" toID="n31" toText="CBP" />
<name_link id="na33" fromID="o9" fromText="CBP Border Patrol" toID="n32" toText="Border Patrol" />
<name_link id="na34" fromID="o26" fromText="CBP" toID="n33" toText="CBP" />
<relation_link1 id="r0" fromID="e0" fromText="CBP Border Patrol agents" toID="p0" toText="CBP Border Patrol agents" />
<relation_link1 id="r1" fromID="e1" fromText="CBP Border Patrol agents assigned to the McAllen Sector's Rio Grande City Border Patrol Station" toID="p4" toText="CBP Border Patrol agents assigned to the McAllen Sector's Rio Grande City Border Patrol Station" />
<relation_link1 id="r3" fromID="lo0" fromText="CBP Border Patrol agents assigned to the McAllen Sector's Rio Grande City Border Patrol Station" toID="p4" toText="CBP Border Patrol agents assigned to the McAllen Sector's Rio Grande City Border Patrol Station" />
<relation_link1 id="r4" fromID="lo1" fromText="As the agents searched the small town for the vehicle, they encountered several subjects at a residence unloading bundles from two pickup trucks and a gooseneck trailer" toID="p6" toText="the agents" />
<relation_link1 id="r5" fromID="e2" fromText="our Border Patrol Agents" toID="p15" toText="our Border Patrol Agents" />
<relation_link1 id="r6" fromID="e3" fromText="our Border Patrol Agents" toID="p15" toText="our Border Patrol Agents" />
<relation_link1 id="r7" fromID="e4" fromText="Chief Patrol Agent" toID="p17" toText="Chief Patrol Agent" />
<relation_link2 id="re0" fromID="e0" fromText="CBP Border Patrol agents" toID="o4" toText="CBP Border Patrol" />
<relation_link2 id="re1" fromID="e1" fromText="CBP Border Patrol agents assigned to the McAllen Sector's Rio Grande City Border Patrol Station" toID="o9" toText="CBP Border Patrol" />
<relation_link2 id="re2" fromID="lo0" fromText="CBP Border Patrol agents assigned to the McAllen Sector's Rio Grande City Border Patrol Station" toID="f3" toText="the McAllen Sector's Rio Grande City Border Patrol Station" />
<relation_link2 id="re3" fromID="lo1" fromText="As the agents searched the small town for the vehicle, they encountered several subjects at a residence unloading bundles from two pickup trucks and a gooseneck trailer" toID="g7" toText="the small town" />
<relation_link2 id="re4" fromID="e2" fromText="our Border Patrol Agents" toID="o12" toText="our" />
<relation_link2 id="re5" fromID="e3" fromText="our Border Patrol Agents" toID="o11" toText="Border Patrol" />
<relation_link2 id="re6" fromID="e4" fromText="Chief Patrol Agent" toID="o13" toText="Patrol" />
</TAGS>
</KddTask>