<?xml version="1.0" encoding="UTF-8" ?>
<KddTask>
<TEXT><![CDATA[
CARIBBEAN NEWS
January 31, 2011
Contact: SA Waldo Santiago
Caribbean Division
(787) 277-4700
DEA Lead Caribbean Corridor Strike Force Seize Boat, 95 Kilograms of Cocaine
USCG personnel secure the 18' homemade "yola" to the USCG pier.
95 kilograms of cocaine seized by CBP officers working for the Caribbean Corridor Strike Force.
SAN JUAN, PUERTO RICO -U.S. Coast Guardsmen and U.S. Customs and Border Protection (CBP) agents, working jointly with DEA lead Caribbean Corridor Strike Force (CCSF), arrested two suspected Dominican smugglers and seized approximately 95 kilograms of cocaine and an 18-foot boat (yola), following an at-sea interdiction Monday in the Mona Passage.
The crew of a CBP Caribbean Air and Marine Branch surveillance aircraft detected two men aboard an 18-foot yola Sunday night traveling towards Puerto Rico without any navigation lights, approximately 20 nautical miles northwest of Mona Island, Puerto Rico.
With support of a CBP helicopter, a Coast Guard Boat Station San Juan 45-foot response boat and the Coast Guard Cutter Matinicus approached the suspect vessel, as the passengers onboard the yola proceeded to throw their cargo overboard.
The crew of the Boat Station San Juan 45-foot response boat intercepted the suspect vessel that was taking on water and embarked the two Dominicans due to safety concerns. The Coast Guard crew was able to dewater the yola and prevent it from sinking.
The crew of the Boat Station San Juan response boat recovered two suitcases of the suspected contraband from the water, while the crew of the Matinicus recovered one other. A field test sample indicated that the suitcases contained cocaine.
The custody of the two Dominicans and the 95 kilograms of cocaine were transferred Monday afternoon to Drug Enforcement Administration (DEA) and Immigration and Customs Enforcement (ICE) Homeland Security Investigations agents for further investigations.
Coast Guard Cutter Matinicus is a 110-foot patrol boat home ported in San Juan.
CCSF is DEA led Organized Crime Drug Enforcement Task Force and HIDTA initiative that investigates South American-based drug trafficking organizations responsible for the movement of multi-kilogram quantities of narcotics utilizing the Caribbean as a transshipment point for further distribution to the United States. CCSF members are the United States Attorney for the District of Puerto Rico, ICE, DEA, Federal Bureau of Investigation, CBP and U.S. Coast Guard.
]]></TEXT>
<TAGS>
<person id="p0" start="42" end="59" text="SA Waldo Santiago" TYPE="NAM" />
<person id="p1" start="42" end="44" text="SA" TYPE="NOMPRE" />
<person id="p2" start="171" end="185" text="USCG personnel" TYPE="BAR" />
<person id="p3" start="269" end="329" text="CBP officers working for the Caribbean Corridor Strike Force" TYPE="BAR" />
<person id="p4" start="354" end="495" text="U.S. Coast Guardsmen and U.S. Customs and Border Protection (CBP) agents, working jointly with DEA lead Caribbean Corridor Strike Force (CCSF" TYPE="BAR" />
<person id="p5" start="507" end="540" text="two suspected Dominican smugglers" TYPE="NOM" />
<person id="p6" start="679" end="750" text="The crew of a CBP Caribbean Air and Marine Branch surveillance aircraft" TYPE="NOM" />
<person id="p7" start="760" end="863" text="two men aboard an 18-foot yola Sunday night traveling towards Puerto Rico without any navigation lights" TYPE="NOM" />
<person id="p8" start="1099" end="1130" text="the passengers onboard the yola" TYPE="NOM" />
<person id="p9" start="1150" end="1155" text="their" TYPE="PRO" />
<person id="p10" start="1173" end="1232" text="The crew of the Boat Station San Juan 45-foot response boat" TYPE="NOM" />
<person id="p11" start="1302" end="1320" text="the two Dominicans" TYPE="NOM" />
<person id="p12" start="1345" end="1365" text="The Coast Guard crew" TYPE="NOM" />
<person id="p13" start="1424" end="1475" text="The crew of the Boat Station San Juan response boat" TYPE="NOM" />
<person id="p14" start="1550" end="1575" text="the crew of the Matinicus" TYPE="NOM" />
<person id="p15" start="1680" end="1698" text="the two Dominicans" TYPE="NOM" />
<person id="p16" start="1768" end="1891" text="Drug Enforcement Administration (DEA) and Immigration and Customs Enforcement (ICE) Homeland Security Investigations agents" TYPE="BAR" />
<person id="p17" start="2318" end="2330" text="CCSF members" TYPE="BAR" />
<person id="p18" start="2335" end="2462" text="the United States Attorney for the District of Puerto Rico, ICE, DEA, Federal Bureau of Investigation, CBP and U.S. Coast Guard" TYPE="NOM" />
<organization id="o0" start="60" end="78" text="Caribbean Division" TYPE="NAM" />
<organization id="o1" start="94" end="134" text="DEA Lead Caribbean Corridor Strike Force" TYPE="NAM" />
<organization id="o2" start="171" end="175" text="USCG" TYPE="NAMPRE" />
<organization id="o3" start="224" end="228" text="USCG" TYPE="NAMPRE" />
<organization id="o4" start="94" end="97" text="DEA" TYPE="NAMPRE" />
<organization id="o5" start="269" end="272" text="CBP" TYPE="NAMPRE" />
<organization id="o6" start="294" end="329" text="the Caribbean Corridor Strike Force" TYPE="NAM" />
<organization id="o7" start="354" end="374" text="U.S. Coast Guardsmen" TYPE="NAMPRE" />
<organization id="o8" start="379" end="418" text="U.S. Customs and Border Protection (CBP" TYPE="NAMPRE" />
<organization id="o9" start="415" end="418" text="CBP" TYPE="NAM" />
<organization id="o10" start="449" end="495" text="DEA lead Caribbean Corridor Strike Force (CCSF" TYPE="NAM" />
<organization id="o11" start="491" end="495" text="CCSF" TYPE="NAM" />
<organization id="o12" start="449" end="452" text="DEA" TYPE="NAMPRE" />
<organization id="o13" start="693" end="728" text="CBP Caribbean Air and Marine Branch" TYPE="NAMPRE" />
<organization id="o14" start="954" end="957" text="CBP" TYPE="NAMPRE" />
<organization id="o15" start="1768" end="1804" text="Drug Enforcement Administration (DEA" TYPE="NAMPRE" />
<organization id="o16" start="1801" end="1804" text="DEA" TYPE="NAM" />
<organization id="o17" start="1810" end="1884" text="Immigration and Customs Enforcement (ICE) Homeland Security Investigations" TYPE="NAMPRE" />
<organization id="o18" start="2000" end="2004" text="CCSF" TYPE="NAM" />
<organization id="o19" start="2008" end="2080" text="DEA led Organized Crime Drug Enforcement Task Force and HIDTA initiative" TYPE="BAR" />
<organization id="o20" start="2008" end="2059" text="DEA led Organized Crime Drug Enforcement Task Force" TYPE="NAMPRE" />
<organization id="o21" start="2064" end="2069" text="HIDTA" TYPE="NAMPRE" />
<organization id="o22" start="2099" end="2316" text="South American-based drug trafficking organizations responsible for the movement of multi-kilogram quantities of narcotics utilizing the Caribbean as a transshipment point for further distribution to the United States" TYPE="BAR" />
<organization id="o23" start="2318" end="2322" text="CCSF" TYPE="NAMPRE" />
<organization id="o24" start="2366" end="2393" text="the District of Puerto Rico" TYPE="NAM" />
<organization id="o25" start="2395" end="2398" text="ICE" TYPE="NAM" />
<organization id="o26" start="2400" end="2403" text="DEA" TYPE="NAM" />
<organization id="o27" start="2405" end="2436" text="Federal Bureau of Investigation" TYPE="NAM" />
<organization id="o28" start="2438" end="2441" text="CBP" TYPE="NAM" />
<organization id="o29" start="2446" end="2462" text="U.S. Coast Guard" TYPE="NAM" />
<organization id="o30" start="1963" end="1969" text="patrol" TYPE="NOMPRE" />
<organization id="o31" start="2008" end="2011" text="DEA" TYPE="NAMPRE" />
<geographical-political id="g0" start="1" end="10" text="CARIBBEAN" TYPE="NAMPRE" />
<geographical-political id="g1" start="331" end="352" text="SAN JUAN, PUERTO RICO" TYPE="NAM" />
<geographical-political id="g2" start="341" end="352" text="PUERTO RICO" TYPE="NAM" />
<geographical-political id="g3" start="521" end="530" text="Dominican" TYPE="NAMPRE" />
<geographical-political id="g4" start="822" end="833" text="Puerto Rico" TYPE="NAM" />
<geographical-political id="g5" start="923" end="934" text="Puerto Rico" TYPE="NAM" />
<geographical-political id="g6" start="1990" end="1998" text="San Juan" TYPE="NAM" />
<geographical-political id="g7" start="2232" end="2245" text="the Caribbean" TYPE="NAM" />
<geographical-political id="g8" start="2299" end="2316" text="the United States" TYPE="NAM" />
<geographical-political id="g9" start="2339" end="2352" text="United States" TYPE="NAMPRE" />
<location id="l0" start="661" end="677" text="the Mona Passage" TYPE="NAM" />
<location id="l2" start="910" end="934" text="Mona Island, Puerto Rico" TYPE="NAM" />
<location id="l3" start="2099" end="2113" text="South American" TYPE="NAMPRE" />
<falicity id="f0" start="220" end="233" text="the USCG pier" TYPE="NOM" />
<falicity id="f1" start="972" end="1005" text="Coast Guard Boat Station San Juan" TYPE="NAMPRE" />
<falicity id="f2" start="1189" end="1210" text="Boat Station San Juan" TYPE="NAMPRE" />
<falicity id="f3" start="1440" end="1461" text="Boat Station San Juan" TYPE="NAMPRE" />
<falicity id="f4" start="2249" end="2270" text="a transshipment point" TYPE="NOM" />
<head id="h0" start="1" end="10" text="CARIBBEAN" />
<head id="h1" start="45" end="59" text="Waldo Santiago" />
<head id="h2" start="42" end="44" text="SA" />
<head id="h3" start="60" end="78" text="Caribbean Division" />
<head id="h5" start="176" end="185" text="personnel" />
<head id="h6" start="171" end="175" text="USCG" />
<head id="h7" start="229" end="233" text="pier" />
<head id="h8" start="224" end="228" text="USCG" />
<head id="h4" start="103" end="134" text="Caribbean Corridor Strike Force" />
<head id="h9" start="94" end="97" text="DEA" />
<head id="h10" start="273" end="281" text="officers" />
<head id="h11" start="269" end="272" text="CBP" />
<head id="h12" start="298" end="329" text="Caribbean Corridor Strike Force" />
<head id="h13" start="331" end="339" text="SAN JUAN" />
<head id="h14" start="341" end="352" text="PUERTO RICO" />
<head id="h15" start="420" end="426" text="agents" />
<head id="h16" start="354" end="374" text="U.S. Coast Guardsmen" />
<head id="h17" start="379" end="413" text="U.S. Customs and Border Protection" />
<head id="h18" start="415" end="418" text="CBP" />
<head id="h19" start="458" end="489" text="Caribbean Corridor Strike Force" />
<head id="h20" start="491" end="495" text="CCSF" />
<head id="h21" start="449" end="452" text="DEA" />
<head id="h22" start="531" end="540" text="smugglers" />
<head id="h23" start="521" end="530" text="Dominican" />
<head id="h24" start="665" end="677" text="Mona Passage" />
<head id="h25" start="683" end="687" text="crew" />
<head id="h26" start="693" end="728" text="CBP Caribbean Air and Marine Branch" />
<head id="h27" start="764" end="767" text="men" />
<head id="h28" start="822" end="833" text="Puerto Rico" />
<head id="h30" start="910" end="921" text="Mona Island" />
<head id="h31" start="923" end="934" text="Puerto Rico" />
<head id="h32" start="954" end="957" text="CBP" />
<head id="h33" start="972" end="1005" text="Coast Guard Boat Station San Juan" />
<head id="h34" start="1103" end="1113" text="passengers" />
<head id="h35" start="1150" end="1155" text="their" />
<head id="h36" start="1177" end="1181" text="crew" />
<head id="h37" start="1189" end="1210" text="Boat Station San Juan" />
<head id="h38" start="1310" end="1320" text="Dominicans" />
<head id="h39" start="1361" end="1365" text="crew" />
<head id="h40" start="1428" end="1432" text="crew" />
<head id="h41" start="1440" end="1461" text="Boat Station San Juan" />
<head id="h42" start="1554" end="1558" text="crew" />
<head id="h43" start="1688" end="1698" text="Dominicans" />
<head id="h44" start="1885" end="1891" text="agents" />
<head id="h45" start="1768" end="1799" text="Drug Enforcement Administration" />
<head id="h46" start="1801" end="1804" text="DEA" />
<head id="h47" start="1810" end="1884" text="Immigration and Customs Enforcement (ICE) Homeland Security Investigations" />
<head id="h48" start="1990" end="1998" text="San Juan" />
<head id="h49" start="2000" end="2004" text="CCSF" />
<head id="h50" start="2070" end="2080" text="initiative" />
<head id="h52" start="2064" end="2069" text="HIDTA" />
<head id="h53" start="2137" end="2150" text="organizations" />
<head id="h54" start="2099" end="2113" text="South American" />
<head id="h55" start="2236" end="2245" text="Caribbean" />
<head id="h56" start="2303" end="2316" text="United States" />
<head id="h57" start="2323" end="2330" text="members" />
<head id="h58" start="2318" end="2322" text="CCSF" />
<head id="h59" start="2353" end="2361" text="Attorney" />
<head id="h60" start="2339" end="2352" text="United States" />
<head id="h61" start="2370" end="2393" text="District of Puerto Rico" />
<head id="h62" start="2395" end="2398" text="ICE" />
<head id="h63" start="2400" end="2403" text="DEA" />
<head id="h64" start="2405" end="2436" text="Federal Bureau of Investigation" />
<head id="h65" start="2438" end="2441" text="CBP" />
<head id="h66" start="2446" end="2462" text="U.S. Coast Guard" />
<head id="h67" start="1963" end="1969" text="patrol" />
<head id="h68" start="2265" end="2270" text="point" />
<head id="h29" start="2016" end="2059" text="Organized Crime Drug Enforcement Task Force" />
<head id="h51" start="2008" end="2011" text="DEA" />
<name id="n0" start="1" end="10" text="CARIBBEAN" />
<name id="n1" start="45" end="59" text="Waldo Santiago" />
<name id="n2" start="60" end="78" text="Caribbean Division" />
<name id="n4" start="171" end="175" text="USCG" />
<name id="n5" start="224" end="228" text="USCG" />
<name id="n3" start="103" end="134" text="Caribbean Corridor Strike Force" />
<name id="n6" start="94" end="97" text="DEA" />
<name id="n7" start="269" end="272" text="CBP" />
<name id="n8" start="298" end="329" text="Caribbean Corridor Strike Force" />
<name id="n9" start="331" end="339" text="SAN JUAN" />
<name id="n10" start="341" end="352" text="PUERTO RICO" />
<name id="n11" start="354" end="374" text="U.S. Coast Guardsmen" />
<name id="n12" start="379" end="413" text="U.S. Customs and Border Protection" />
<name id="n13" start="415" end="418" text="CBP" />
<name id="n14" start="458" end="489" text="Caribbean Corridor Strike Force" />
<name id="n15" start="491" end="495" text="CCSF" />
<name id="n16" start="449" end="452" text="DEA" />
<name id="n17" start="521" end="530" text="Dominican" />
<name id="n18" start="665" end="677" text="Mona Passage" />
<name id="n19" start="693" end="728" text="CBP Caribbean Air and Marine Branch" />
<name id="n20" start="822" end="833" text="Puerto Rico" />
<name id="n21" start="910" end="921" text="Mona Island" />
<name id="n22" start="923" end="934" text="Puerto Rico" />
<name id="n23" start="954" end="957" text="CBP" />
<name id="n24" start="972" end="1005" text="Coast Guard Boat Station San Juan" />
<name id="n25" start="1189" end="1210" text="Boat Station San Juan" />
<name id="n26" start="1440" end="1461" text="Boat Station San Juan" />
<name id="n27" start="1768" end="1799" text="Drug Enforcement Administration" />
<name id="n28" start="1801" end="1804" text="DEA" />
<name id="n29" start="1810" end="1884" text="Immigration and Customs Enforcement (ICE) Homeland Security Investigations" />
<name id="n30" start="1990" end="1998" text="San Juan" />
<name id="n31" start="2000" end="2004" text="CCSF" />
<name id="n33" start="2064" end="2069" text="HIDTA" />
<name id="n34" start="2099" end="2113" text="South American" />
<name id="n35" start="2236" end="2245" text="Caribbean" />
<name id="n36" start="2303" end="2316" text="United States" />
<name id="n37" start="2318" end="2322" text="CCSF" />
<name id="n38" start="2339" end="2352" text="United States" />
<name id="n39" start="2370" end="2393" text="District of Puerto Rico" />
<name id="n40" start="2395" end="2398" text="ICE" />
<name id="n41" start="2400" end="2403" text="DEA" />
<name id="n42" start="2405" end="2436" text="Federal Bureau of Investigation" />
<name id="n43" start="2438" end="2441" text="CBP" />
<name id="n44" start="2446" end="2462" text="U.S. Coast Guard" />
<name id="n32" start="2016" end="2059" text="Organized Crime Drug Enforcement Task Force" />
<name id="n45" start="2008" end="2011" text="DEA" />
<located-mention id="lo0" start="171" end="233" text="USCG personnel secure the 18' homemade 'yola' to the USCG pier" TYPE="Other" />
<located-mention id="lo1" start="354" end="677" text="U.S. Coast Guardsmen and U.S. Customs and Border Protection (CBP) agents, working jointly with DEA lead Caribbean Corridor Strike Force (CCSF), arrested two suspected Dominican smugglers and seized approximately 95 kilograms of cocaine and an 18-foot boat (yola), following an at-sea interdiction Monday in the Mona Passage" TYPE="Other" />
<located-mention id="lo2" start="354" end="677" text="U.S. Coast Guardsmen and U.S. Customs and Border Protection (CBP) agents, working jointly with DEA lead Caribbean Corridor Strike Force (CCSF), arrested two suspected Dominican smugglers and seized approximately 95 kilograms of cocaine and an 18-foot boat (yola), following an at-sea interdiction Monday in the Mona Passage" TYPE="Other" />
<located-mention id="lo3" start="760" end="863" text="two men aboard an 18-foot yola Sunday night traveling towards Puerto Rico without any navigation lights" TYPE="Participial" />
<located-mention id="lo4" start="1173" end="1343" text="The crew of the Boat Station San Juan 45-foot response boat intercepted the suspect vessel that was taking on water and embarked the two Dominicans due to safety concerns" TYPE="Other" />
<located-mention id="lo5" start="1424" end="1595" text="The crew of the Boat Station San Juan response boat recovered two suitcases of the suspected contraband from the water, while the crew of the Matinicus recovered one other" TYPE="Other" />
<employment-mention id="e9" start="2335" end="2462" text="the United States Attorney for the District of Puerto Rico, ICE, DEA, Federal Bureau of Investigation, CBP and U.S. Coast Guard" TYPE="PreMod" />
<CRRE id="C0" start="507" end="540" text="two suspected Dominican smugglers" TYPE="PreMod" />
<M id="M0" start="171" end="185" text="USCG personnel" TYPE="PreMod" />
<M id="M1" start="269" end="329" text="CBP officers working for the Caribbean Corridor Strike Force" TYPE="PreMod" />
<M id="M2" start="269" end="329" text="CBP officers working for the Caribbean Corridor Strike Force" TYPE="Participial" />
<M id="M3" start="354" end="495" text="U.S. Coast Guardsmen and U.S. Customs and Border Protection (CBP) agents, working jointly with DEA lead Caribbean Corridor Strike Force (CCSF" TYPE="PreMod" />
<M id="M4" start="354" end="495" text="U.S. Coast Guardsmen and U.S. Customs and Border Protection (CBP) agents, working jointly with DEA lead Caribbean Corridor Strike Force (CCSF" TYPE="PreMod" />
<M id="M5" start="679" end="934" text="The crew of a CBP Caribbean Air and Marine Branch surveillance aircraft detected two men aboard an 18-foot yola Sunday night traveling towards Puerto Rico without any navigation lights, approximately 20 nautical miles northwest of Mona Island, Puerto Rico" TYPE="Other" />
<M id="M6" start="1768" end="1891" text="Drug Enforcement Administration (DEA) and Immigration and Customs Enforcement (ICE) Homeland Security Investigations agents" TYPE="PreMod" />
<M id="M7" start="1768" end="1891" text="Drug Enforcement Administration (DEA) and Immigration and Customs Enforcement (ICE) Homeland Security Investigations agents" TYPE="PreMod" />
<M id="M8" start="2318" end="2330" text="CCSF members" TYPE="PreMod" />
<M id="M10" start="2335" end="2462" text="the United States Attorney for the District of Puerto Rico, ICE, DEA, Federal Bureau of Investigation, CBP and U.S. Coast Guard" TYPE="Preposition" />
<M id="M11" start="2335" end="2462" text="the United States Attorney for the District of Puerto Rico, ICE, DEA, Federal Bureau of Investigation, CBP and U.S. Coast Guard" TYPE="Preposition" />
<M id="M12" start="2335" end="2462" text="the United States Attorney for the District of Puerto Rico, ICE, DEA, Federal Bureau of Investigation, CBP and U.S. Coast Guard" TYPE="Preposition" />
<M id="M13" start="2335" end="2462" text="the United States Attorney for the District of Puerto Rico, ICE, DEA, Federal Bureau of Investigation, CBP and U.S. Coast Guard" TYPE="Preposition" />
<M id="M14" start="2335" end="2462" text="the United States Attorney for the District of Puerto Rico, ICE, DEA, Federal Bureau of Investigation, CBP and U.S. Coast Guard" TYPE="Preposition" />
<M id="M15" start="2335" end="2462" text="the United States Attorney for the District of Puerto Rico, ICE, DEA, Federal Bureau of Investigation, CBP and U.S. Coast Guard" TYPE="Preposition" />
<entity_link id="en0" fromID="p1" fromText="SA" toID="p0" toText="SA Waldo Santiago" />
<entity_link id="en1" fromID="o3" fromText="USCG" toID="o2" toText="USCG" />
<entity_link id="en2" fromID="o6" fromText="the Caribbean Corridor Strike Force" toID="o1" toText="DEA Lead Caribbean Corridor Strike Force" />
<entity_link id="en3" fromID="o8" fromText="U.S. Customs and Border Protection (CBP" toID="o5" toText="CBP" />
<entity_link id="en4" fromID="o9" fromText="CBP" toID="o8" toText="U.S. Customs and Border Protection (CBP" />
<entity_link id="en5" fromID="o7" fromText="U.S. Coast Guardsmen" toID="o3" toText="USCG" />
<entity_link id="en6" fromID="o10" fromText="DEA lead Caribbean Corridor Strike Force (CCSF" toID="o1" toText="DEA Lead Caribbean Corridor Strike Force" />
<entity_link id="en7" fromID="o11" fromText="CCSF" toID="o10" toText="DEA lead Caribbean Corridor Strike Force (CCSF" />
<entity_link id="en8" fromID="o12" fromText="DEA" toID="o4" toText="DEA" />
<entity_link id="en9" fromID="p7" fromText="two men aboard an 18-foot yola Sunday night traveling towards Puerto Rico without any navigation lights" toID="p5" toText="two suspected Dominican smugglers" />
<entity_link id="en10" fromID="g4" fromText="Puerto Rico" toID="g2" toText="PUERTO RICO" />
<entity_link id="en11" fromID="g5" fromText="Puerto Rico" toID="g4" toText="Puerto Rico" />
<entity_link id="en12" fromID="o14" fromText="CBP" toID="o8" toText="U.S. Customs and Border Protection (CBP" />
<entity_link id="en13" fromID="p8" fromText="the passengers onboard the yola" toID="p7" toText="two men aboard an 18-foot yola Sunday night traveling towards Puerto Rico without any navigation lights" />
<entity_link id="en14" fromID="p9" fromText="their" toID="p8" toText="the passengers onboard the yola" />
<entity_link id="en15" fromID="f2" fromText="Boat Station San Juan" toID="f1" toText="Coast Guard Boat Station San Juan" />
<entity_link id="en16" fromID="p11" fromText="the two Dominicans" toID="p8" toText="the passengers onboard the yola" />
<entity_link id="en17" fromID="p12" fromText="The Coast Guard crew" toID="p10" toText="The crew of the Boat Station San Juan 45-foot response boat" />
<entity_link id="en18" fromID="p13" fromText="The crew of the Boat Station San Juan response boat" toID="p12" toText="The Coast Guard crew" />
<entity_link id="en19" fromID="f3" fromText="Boat Station San Juan" toID="f2" toText="Boat Station San Juan" />
<entity_link id="en20" fromID="p15" fromText="the two Dominicans" toID="p11" toText="the two Dominicans" />
<entity_link id="en21" fromID="o16" fromText="DEA" toID="o15" toText="Drug Enforcement Administration (DEA" />
<entity_link id="en22" fromID="o15" fromText="Drug Enforcement Administration (DEA" toID="o12" toText="DEA" />
<entity_link id="en23" fromID="g6" fromText="San Juan" toID="g1" toText="SAN JUAN, PUERTO RICO" />
<entity_link id="en24" fromID="o18" fromText="CCSF" toID="o11" toText="CCSF" />
<entity_link id="en25" fromID="o19" fromText="DEA led Organized Crime Drug Enforcement Task Force and HIDTA initiative" toID="o18" toText="CCSF" />
<entity_link id="en26" fromID="g7" fromText="the Caribbean" toID="g0" toText="CARIBBEAN" />
<entity_link id="en27" fromID="o23" fromText="CCSF" toID="o18" toText="CCSF" />
<entity_link id="en28" fromID="g9" fromText="United States" toID="g8" toText="the United States" />
<entity_link id="en29" fromID="o26" fromText="DEA" toID="o16" toText="DEA" />
<entity_link id="en30" fromID="o28" fromText="CBP" toID="o14" toText="CBP" />
<entity_link id="en31" fromID="o29" fromText="U.S. Coast Guard" toID="o7" toText="U.S. Coast Guardsmen" />
<entity_link id="en32" fromID="o31" fromText="DEA" toID="o16" toText="DEA" />
<head_link id="he0" fromID="g0" fromText="CARIBBEAN" toID="h0" toText="CARIBBEAN" />
<head_link id="he1" fromID="p0" fromText="SA Waldo Santiago" toID="h1" toText="Waldo Santiago" />
<head_link id="he2" fromID="p1" fromText="SA" toID="h2" toText="SA" />
<head_link id="he3" fromID="o0" fromText="Caribbean Division" toID="h3" toText="Caribbean Division" />
<head_link id="he5" fromID="p2" fromText="USCG personnel" toID="h5" toText="personnel" />
<head_link id="he6" fromID="o2" fromText="USCG" toID="h6" toText="USCG" />
<head_link id="he7" fromID="f0" fromText="the USCG pier" toID="h7" toText="pier" />
<head_link id="he8" fromID="o3" fromText="USCG" toID="h8" toText="USCG" />
<head_link id="he9" fromID="o1" fromText="DEA Lead Caribbean Corridor Strike Force" toID="h4" toText="Caribbean Corridor Strike Force" />
<head_link id="he10" fromID="o4" fromText="DEA" toID="h9" toText="DEA" />
<head_link id="he11" fromID="p3" fromText="CBP officers working for the Caribbean Corridor Strike Force" toID="h10" toText="officers" />
<head_link id="he12" fromID="o5" fromText="CBP" toID="h11" toText="CBP" />
<head_link id="he13" fromID="o6" fromText="the Caribbean Corridor Strike Force" toID="h12" toText="Caribbean Corridor Strike Force" />
<head_link id="he14" fromID="g1" fromText="SAN JUAN, PUERTO RICO" toID="h13" toText="SAN JUAN" />
<head_link id="he15" fromID="g2" fromText="PUERTO RICO" toID="h14" toText="PUERTO RICO" />
<head_link id="he16" fromID="p4" fromText="U.S. Coast Guardsmen and U.S. Customs and Border Protection (CBP) agents, working jointly with DEA lead Caribbean Corridor Strike Force (CCSF" toID="h15" toText="agents" />
<head_link id="he17" fromID="o7" fromText="U.S. Coast Guardsmen" toID="h16" toText="U.S. Coast Guardsmen" />
<head_link id="he18" fromID="o8" fromText="U.S. Customs and Border Protection (CBP" toID="h17" toText="U.S. Customs and Border Protection" />
<head_link id="he19" fromID="o9" fromText="CBP" toID="h18" toText="CBP" />
<head_link id="he20" fromID="o10" fromText="DEA lead Caribbean Corridor Strike Force (CCSF" toID="h19" toText="Caribbean Corridor Strike Force" />
<head_link id="he21" fromID="o11" fromText="CCSF" toID="h20" toText="CCSF" />
<head_link id="he22" fromID="o12" fromText="DEA" toID="h21" toText="DEA" />
<head_link id="he23" fromID="p5" fromText="two suspected Dominican smugglers" toID="h22" toText="smugglers" />
<head_link id="he24" fromID="g3" fromText="Dominican" toID="h23" toText="Dominican" />
<head_link id="he25" fromID="l0" fromText="the Mona Passage" toID="h24" toText="Mona Passage" />
<head_link id="he26" fromID="p6" fromText="The crew of a CBP Caribbean Air and Marine Branch surveillance aircraft" toID="h25" toText="crew" />
<head_link id="he27" fromID="o13" fromText="CBP Caribbean Air and Marine Branch" toID="h26" toText="CBP Caribbean Air and Marine Branch" />
<head_link id="he28" fromID="p7" fromText="two men aboard an 18-foot yola Sunday night traveling towards Puerto Rico without any navigation lights" toID="h27" toText="men" />
<head_link id="he29" fromID="g4" fromText="Puerto Rico" toID="h28" toText="Puerto Rico" />
<head_link id="he31" fromID="l2" fromText="Mona Island, Puerto Rico" toID="h30" toText="Mona Island" />
<head_link id="he32" fromID="g5" fromText="Puerto Rico" toID="h31" toText="Puerto Rico" />
<head_link id="he33" fromID="o14" fromText="CBP" toID="h32" toText="CBP" />
<head_link id="he34" fromID="f1" fromText="Coast Guard Boat Station San Juan" toID="h33" toText="Coast Guard Boat Station San Juan" />
<head_link id="he35" fromID="p8" fromText="the passengers onboard the yola" toID="h34" toText="passengers" />
<head_link id="he36" fromID="p9" fromText="their" toID="h35" toText="their" />
<head_link id="he37" fromID="p10" fromText="The crew of the Boat Station San Juan 45-foot response boat" toID="h36" toText="crew" />
<head_link id="he38" fromID="f2" fromText="Boat Station San Juan" toID="h37" toText="Boat Station San Juan" />
<head_link id="he39" fromID="p11" fromText="the two Dominicans" toID="h38" toText="Dominicans" />
<head_link id="he40" fromID="p12" fromText="The Coast Guard crew" toID="h39" toText="crew" />
<head_link id="he41" fromID="p13" fromText="The crew of the Boat Station San Juan response boat" toID="h40" toText="crew" />
<head_link id="he42" fromID="f3" fromText="Boat Station San Juan" toID="h41" toText="Boat Station San Juan" />
<head_link id="he43" fromID="p14" fromText="the crew of the Matinicus" toID="h42" toText="crew" />
<head_link id="he44" fromID="p15" fromText="the two Dominicans" toID="h43" toText="Dominicans" />
<head_link id="he45" fromID="p16" fromText="Drug Enforcement Administration (DEA) and Immigration and Customs Enforcement (ICE) Homeland Security Investigations agents" toID="h44" toText="agents" />
<head_link id="he4" fromID="o15" fromText="Drug Enforcement Administration (DEA" toID="h45" toText="Drug Enforcement Administration" />
<head_link id="he46" fromID="o16" fromText="DEA" toID="h46" toText="DEA" />
<head_link id="he47" fromID="o17" fromText="Immigration and Customs Enforcement (ICE) Homeland Security Investigations" toID="h47" toText="Immigration and Customs Enforcement (ICE) Homeland Security Investigations" />
<head_link id="he48" fromID="g6" fromText="San Juan" toID="h48" toText="San Juan" />
<head_link id="he49" fromID="o18" fromText="CCSF" toID="h49" toText="CCSF" />
<head_link id="he50" fromID="o19" fromText="DEA led Organized Crime Drug Enforcement Task Force and HIDTA initiative" toID="h50" toText="initiative" />
<head_link id="he52" fromID="o21" fromText="HIDTA" toID="h52" toText="HIDTA" />
<head_link id="he53" fromID="o22" fromText="South American-based drug trafficking organizations responsible for the movement of multi-kilogram quantities of narcotics utilizing the Caribbean as a transshipment point for further distribution to the United States" toID="h53" toText="organizations" />
<head_link id="he54" fromID="l3" fromText="South American" toID="h54" toText="South American" />
<head_link id="he55" fromID="g7" fromText="the Caribbean" toID="h55" toText="Caribbean" />
<head_link id="he56" fromID="g8" fromText="the United States" toID="h56" toText="United States" />
<head_link id="he57" fromID="p17" fromText="CCSF members" toID="h57" toText="members" />
<head_link id="he58" fromID="o23" fromText="CCSF" toID="h58" toText="CCSF" />
<head_link id="he59" fromID="p18" fromText="the United States Attorney for the District of Puerto Rico, ICE, DEA, Federal Bureau of Investigation, CBP and U.S. Coast Guard" toID="h59" toText="Attorney" />
<head_link id="he60" fromID="g9" fromText="United States" toID="h60" toText="United States" />
<head_link id="he61" fromID="o24" fromText="the District of Puerto Rico" toID="h61" toText="District of Puerto Rico" />
<head_link id="he62" fromID="o25" fromText="ICE" toID="h62" toText="ICE" />
<head_link id="he63" fromID="o26" fromText="DEA" toID="h63" toText="DEA" />
<head_link id="he64" fromID="o27" fromText="Federal Bureau of Investigation" toID="h64" toText="Federal Bureau of Investigation" />
<head_link id="he65" fromID="o28" fromText="CBP" toID="h65" toText="CBP" />
<head_link id="he66" fromID="o29" fromText="U.S. Coast Guard" toID="h66" toText="U.S. Coast Guard" />
<head_link id="he67" fromID="o30" fromText="patrol" toID="h67" toText="patrol" />
<head_link id="he68" fromID="f4" fromText="a transshipment point" toID="h68" toText="point" />
<head_link id="he30" fromID="o20" fromText="DEA led Organized Crime Drug Enforcement Task Force" toID="h29" toText="Organized Crime Drug Enforcement Task Force" />
<head_link id="he69" fromID="o31" fromText="DEA" toID="h51" toText="DEA" />
<name_link id="na0" fromID="g0" fromText="CARIBBEAN" toID="n0" toText="CARIBBEAN" />
<name_link id="na1" fromID="p0" fromText="SA Waldo Santiago" toID="n1" toText="Waldo Santiago" />
<name_link id="na2" fromID="o0" fromText="Caribbean Division" toID="n2" toText="Caribbean Division" />
<name_link id="na4" fromID="o2" fromText="USCG" toID="n4" toText="USCG" />
<name_link id="na5" fromID="o3" fromText="USCG" toID="n5" toText="USCG" />
<name_link id="na6" fromID="o1" fromText="DEA Lead Caribbean Corridor Strike Force" toID="n3" toText="Caribbean Corridor Strike Force" />
<name_link id="na7" fromID="o4" fromText="DEA" toID="n6" toText="DEA" />
<name_link id="na8" fromID="o5" fromText="CBP" toID="n7" toText="CBP" />
<name_link id="na9" fromID="o6" fromText="the Caribbean Corridor Strike Force" toID="n8" toText="Caribbean Corridor Strike Force" />
<name_link id="na10" fromID="g1" fromText="SAN JUAN, PUERTO RICO" toID="n9" toText="SAN JUAN" />
<name_link id="na11" fromID="g2" fromText="PUERTO RICO" toID="n10" toText="PUERTO RICO" />
<name_link id="na12" fromID="o7" fromText="U.S. Coast Guardsmen" toID="n11" toText="U.S. Coast Guardsmen" />
<name_link id="na13" fromID="o8" fromText="U.S. Customs and Border Protection (CBP" toID="n12" toText="U.S. Customs and Border Protection" />
<name_link id="na14" fromID="o9" fromText="CBP" toID="n13" toText="CBP" />
<name_link id="na15" fromID="o10" fromText="DEA lead Caribbean Corridor Strike Force (CCSF" toID="n14" toText="Caribbean Corridor Strike Force" />
<name_link id="na16" fromID="o11" fromText="CCSF" toID="n15" toText="CCSF" />
<name_link id="na17" fromID="o12" fromText="DEA" toID="n16" toText="DEA" />
<name_link id="na18" fromID="g3" fromText="Dominican" toID="n17" toText="Dominican" />
<name_link id="na19" fromID="l0" fromText="the Mona Passage" toID="n18" toText="Mona Passage" />
<name_link id="na20" fromID="o13" fromText="CBP Caribbean Air and Marine Branch" toID="n19" toText="CBP Caribbean Air and Marine Branch" />
<name_link id="na21" fromID="g4" fromText="Puerto Rico" toID="n20" toText="Puerto Rico" />
<name_link id="na22" fromID="l2" fromText="Mona Island, Puerto Rico" toID="n21" toText="Mona Island" />
<name_link id="na23" fromID="g5" fromText="Puerto Rico" toID="n22" toText="Puerto Rico" />
<name_link id="na24" fromID="o14" fromText="CBP" toID="n23" toText="CBP" />
<name_link id="na25" fromID="f1" fromText="Coast Guard Boat Station San Juan" toID="n24" toText="Coast Guard Boat Station San Juan" />
<name_link id="na26" fromID="f2" fromText="Boat Station San Juan" toID="n25" toText="Boat Station San Juan" />
<name_link id="na27" fromID="f3" fromText="Boat Station San Juan" toID="n26" toText="Boat Station San Juan" />
<name_link id="na3" fromID="o15" fromText="Drug Enforcement Administration (DEA" toID="n27" toText="Drug Enforcement Administration" />
<name_link id="na28" fromID="o16" fromText="DEA" toID="n28" toText="DEA" />
<name_link id="na29" fromID="o17" fromText="Immigration and Customs Enforcement (ICE) Homeland Security Investigations" toID="n29" toText="Immigration and Customs Enforcement (ICE) Homeland Security Investigations" />
<name_link id="na30" fromID="g6" fromText="San Juan" toID="n30" toText="San Juan" />
<name_link id="na31" fromID="o18" fromText="CCSF" toID="n31" toText="CCSF" />
<name_link id="na33" fromID="o21" fromText="HIDTA" toID="n33" toText="HIDTA" />
<name_link id="na34" fromID="l3" fromText="South American" toID="n34" toText="South American" />
<name_link id="na35" fromID="g7" fromText="the Caribbean" toID="n35" toText="Caribbean" />
<name_link id="na36" fromID="g8" fromText="the United States" toID="n36" toText="United States" />
<name_link id="na37" fromID="o23" fromText="CCSF" toID="n37" toText="CCSF" />
<name_link id="na38" fromID="g9" fromText="United States" toID="n38" toText="United States" />
<name_link id="na39" fromID="o24" fromText="the District of Puerto Rico" toID="n39" toText="District of Puerto Rico" />
<name_link id="na40" fromID="o25" fromText="ICE" toID="n40" toText="ICE" />
<name_link id="na41" fromID="o26" fromText="DEA" toID="n41" toText="DEA" />
<name_link id="na42" fromID="o27" fromText="Federal Bureau of Investigation" toID="n42" toText="Federal Bureau of Investigation" />
<name_link id="na43" fromID="o28" fromText="CBP" toID="n43" toText="CBP" />
<name_link id="na44" fromID="o29" fromText="U.S. Coast Guard" toID="n44" toText="U.S. Coast Guard" />
<name_link id="na45" fromID="o20" fromText="DEA led Organized Crime Drug Enforcement Task Force" toID="n32" toText="Organized Crime Drug Enforcement Task Force" />
<name_link id="na46" fromID="o31" fromText="DEA" toID="n45" toText="DEA" />
<relation_link1 id="r0" fromID="M0" fromText="USCG personnel" toID="p2" toText="USCG personnel" />
<relation_link1 id="r1" fromID="lo0" fromText="USCG personnel secure the 18' homemade 'yola' to the USCG pier" toID="p2" toText="USCG personnel" />
<relation_link1 id="r2" fromID="M1" fromText="CBP officers working for the Caribbean Corridor Strike Force" toID="p3" toText="CBP officers working for the Caribbean Corridor Strike Force" />
<relation_link1 id="r3" fromID="M2" fromText="CBP officers working for the Caribbean Corridor Strike Force" toID="p3" toText="CBP officers working for the Caribbean Corridor Strike Force" />
<relation_link1 id="r4" fromID="M3" fromText="U.S. Coast Guardsmen and U.S. Customs and Border Protection (CBP) agents, working jointly with DEA lead Caribbean Corridor Strike Force (CCSF" toID="p4" toText="U.S. Coast Guardsmen and U.S. Customs and Border Protection (CBP) agents, working jointly with DEA lead Caribbean Corridor Strike Force (CCSF" />
<relation_link1 id="r5" fromID="M4" fromText="U.S. Coast Guardsmen and U.S. Customs and Border Protection (CBP) agents, working jointly with DEA lead Caribbean Corridor Strike Force (CCSF" toID="p4" toText="U.S. Coast Guardsmen and U.S. Customs and Border Protection (CBP) agents, working jointly with DEA lead Caribbean Corridor Strike Force (CCSF" />
<relation_link1 id="r6" fromID="C0" fromText="two suspected Dominican smugglers" toID="p5" toText="two suspected Dominican smugglers" />
<relation_link1 id="r7" fromID="lo1" fromText="U.S. Coast Guardsmen and U.S. Customs and Border Protection (CBP) agents, working jointly with DEA lead Caribbean Corridor Strike Force (CCSF), arrested two suspected Dominican smugglers and seized approximately 95 kilograms of cocaine and an 18-foot boat (yola), following an at-sea interdiction Monday in the Mona Passage" toID="p4" toText="U.S. Coast Guardsmen and U.S. Customs and Border Protection (CBP) agents, working jointly with DEA lead Caribbean Corridor Strike Force (CCSF" />
<relation_link1 id="r8" fromID="lo2" fromText="U.S. Coast Guardsmen and U.S. Customs and Border Protection (CBP) agents, working jointly with DEA lead Caribbean Corridor Strike Force (CCSF), arrested two suspected Dominican smugglers and seized approximately 95 kilograms of cocaine and an 18-foot boat (yola), following an at-sea interdiction Monday in the Mona Passage" toID="p5" toText="two suspected Dominican smugglers" />
<relation_link1 id="r9" fromID="M5" fromText="The crew of a CBP Caribbean Air and Marine Branch surveillance aircraft" toID="p6" toText="The crew of a CBP Caribbean Air and Marine Branch surveillance aircraft" />
<relation_link1 id="r10" fromID="lo3" fromText="two men aboard an 18-foot yola Sunday night traveling towards Puerto Rico without any navigation lights" toID="p7" toText="two men aboard an 18-foot yola Sunday night traveling towards Puerto Rico without any navigation lights" />
<relation_link1 id="r15" fromID="M6" fromText="Drug Enforcement Administration (DEA) and Immigration and Customs Enforcement (ICE) Homeland Security Investigations agents" toID="p16" toText="Drug Enforcement Administration (DEA) and Immigration and Customs Enforcement (ICE) Homeland Security Investigations agents" />
<relation_link1 id="r16" fromID="M7" fromText="Drug Enforcement Administration (DEA) and Immigration and Customs Enforcement (ICE) Homeland Security Investigations agents" toID="p16" toText="Drug Enforcement Administration (DEA) and Immigration and Customs Enforcement (ICE) Homeland Security Investigations agents" />
<relation_link1 id="r17" fromID="M8" fromText="CCSF members" toID="p17" toText="CCSF members" />
<relation_link1 id="r18" fromID="e9" fromText="the United States Attorney for the District of Puerto Rico, ICE, DEA, Federal Bureau of Investigation, CBP and U.S. Coast Guard" toID="p18" toText="the United States Attorney for the District of Puerto Rico, ICE, DEA, Federal Bureau of Investigation, CBP and U.S. Coast Guard" />
<relation_link1 id="r19" fromID="M10" fromText="the United States Attorney for the District of Puerto Rico, ICE, DEA, Federal Bureau of Investigation, CBP and U.S. Coast Guard" toID="p18" toText="the United States Attorney for the District of Puerto Rico, ICE, DEA, Federal Bureau of Investigation, CBP and U.S. Coast Guard" />
<relation_link1 id="r20" fromID="M11" fromText="the United States Attorney for the District of Puerto Rico, ICE, DEA, Federal Bureau of Investigation, CBP and U.S. Coast Guard" toID="p18" toText="the United States Attorney for the District of Puerto Rico, ICE, DEA, Federal Bureau of Investigation, CBP and U.S. Coast Guard" />
<relation_link1 id="r21" fromID="M12" fromText="the United States Attorney for the District of Puerto Rico, ICE, DEA, Federal Bureau of Investigation, CBP and U.S. Coast Guard" toID="p18" toText="the United States Attorney for the District of Puerto Rico, ICE, DEA, Federal Bureau of Investigation, CBP and U.S. Coast Guard" />
<relation_link1 id="r22" fromID="M13" fromText="the United States Attorney for the District of Puerto Rico, ICE, DEA, Federal Bureau of Investigation, CBP and U.S. Coast Guard" toID="p18" toText="the United States Attorney for the District of Puerto Rico, ICE, DEA, Federal Bureau of Investigation, CBP and U.S. Coast Guard" />
<relation_link1 id="r23" fromID="M14" fromText="the United States Attorney for the District of Puerto Rico, ICE, DEA, Federal Bureau of Investigation, CBP and U.S. Coast Guard" toID="p18" toText="the United States Attorney for the District of Puerto Rico, ICE, DEA, Federal Bureau of Investigation, CBP and U.S. Coast Guard" />
<relation_link1 id="r24" fromID="M15" fromText="the United States Attorney for the District of Puerto Rico, ICE, DEA, Federal Bureau of Investigation, CBP and U.S. Coast Guard" toID="p18" toText="the United States Attorney for the District of Puerto Rico, ICE, DEA, Federal Bureau of Investigation, CBP and U.S. Coast Guard" />
<relation_link1 id="r11" fromID="lo4" fromText="The crew of the Boat Station San Juan 45-foot response boat intercepted the suspect vessel that was taking on water and embarked the two Dominicans due to safety concerns" toID="p10" toText="The crew of the Boat Station San Juan 45-foot response boat" />
<relation_link1 id="r12" fromID="lo5" fromText="The crew of the Boat Station San Juan response boat recovered two suitcases of the suspected contraband from the water, while the crew of the Matinicus recovered one other" toID="p13" toText="The crew of the Boat Station San Juan response boat" />
<relation_link2 id="re0" fromID="M0" fromText="USCG personnel" toID="o2" toText="USCG" />
<relation_link2 id="re1" fromID="lo0" fromText="USCG personnel secure the 18' homemade 'yola' to the USCG pier" toID="f0" toText="the USCG pier" />
<relation_link2 id="re2" fromID="M1" fromText="CBP officers working for the Caribbean Corridor Strike Force" toID="o5" toText="CBP" />
<relation_link2 id="re3" fromID="M2" fromText="CBP officers working for the Caribbean Corridor Strike Force" toID="o6" toText="the Caribbean Corridor Strike Force" />
<relation_link2 id="re4" fromID="M3" fromText="U.S. Coast Guardsmen and U.S. Customs and Border Protection (CBP) agents, working jointly with DEA lead Caribbean Corridor Strike Force (CCSF" toID="o7" toText="U.S. Coast Guardsmen" />
<relation_link2 id="re5" fromID="M4" fromText="U.S. Coast Guardsmen and U.S. Customs and Border Protection (CBP) agents, working jointly with DEA lead Caribbean Corridor Strike Force (CCSF" toID="o8" toText="U.S. Customs and Border Protection (CBP" />
<relation_link2 id="re6" fromID="C0" fromText="two suspected Dominican smugglers" toID="g3" toText="Dominican" />
<relation_link2 id="re7" fromID="lo1" fromText="U.S. Coast Guardsmen and U.S. Customs and Border Protection (CBP) agents, working jointly with DEA lead Caribbean Corridor Strike Force (CCSF), arrested two suspected Dominican smugglers and seized approximately 95 kilograms of cocaine and an 18-foot boat (yola), following an at-sea interdiction Monday in the Mona Passage" toID="l0" toText="the Mona Passage" />
<relation_link2 id="re8" fromID="lo2" fromText="U.S. Coast Guardsmen and U.S. Customs and Border Protection (CBP) agents, working jointly with DEA lead Caribbean Corridor Strike Force (CCSF), arrested two suspected Dominican smugglers and seized approximately 95 kilograms of cocaine and an 18-foot boat (yola), following an at-sea interdiction Monday in the Mona Passage" toID="l0" toText="the Mona Passage" />
<relation_link2 id="re9" fromID="M5" fromText="The crew of a CBP Caribbean Air and Marine Branch surveillance aircraft" toID="o13" toText="CBP Caribbean Air and Marine Branch" />
<relation_link2 id="re10" fromID="lo3" fromText="two men aboard an 18-foot yola Sunday night traveling towards Puerto Rico without any navigation lights" toID="g4" toText="Puerto Rico" />
<relation_link2 id="re15" fromID="M6" fromText="Drug Enforcement Administration (DEA) and Immigration and Customs Enforcement (ICE) Homeland Security Investigations agents" toID="o15" toText="Drug Enforcement Administration (DEA" />
<relation_link2 id="re16" fromID="M7" fromText="Drug Enforcement Administration (DEA) and Immigration and Customs Enforcement (ICE) Homeland Security Investigations agents" toID="o17" toText="Immigration and Customs Enforcement (ICE) Homeland Security Investigations" />
<relation_link2 id="re17" fromID="M8" fromText="CCSF members" toID="o23" toText="CCSF" />
<relation_link2 id="re18" fromID="e9" fromText="the United States Attorney for the District of Puerto Rico, ICE, DEA, Federal Bureau of Investigation, CBP and U.S. Coast Guard" toID="g9" toText="United States" />
<relation_link2 id="re19" fromID="M10" fromText="the United States Attorney for the District of Puerto Rico, ICE, DEA, Federal Bureau of Investigation, CBP and U.S. Coast Guard" toID="o24" toText="the District of Puerto Rico" />
<relation_link2 id="re20" fromID="M11" fromText="the United States Attorney for the District of Puerto Rico, ICE, DEA, Federal Bureau of Investigation, CBP and U.S. Coast Guard" toID="o25" toText="ICE" />
<relation_link2 id="re21" fromID="M12" fromText="the United States Attorney for the District of Puerto Rico, ICE, DEA, Federal Bureau of Investigation, CBP and U.S. Coast Guard" toID="o26" toText="DEA" />
<relation_link2 id="re22" fromID="M13" fromText="the United States Attorney for the District of Puerto Rico, ICE, DEA, Federal Bureau of Investigation, CBP and U.S. Coast Guard" toID="o27" toText="Federal Bureau of Investigation" />
<relation_link2 id="re23" fromID="M14" fromText="the United States Attorney for the District of Puerto Rico, ICE, DEA, Federal Bureau of Investigation, CBP and U.S. Coast Guard" toID="o28" toText="CBP" />
<relation_link2 id="re24" fromID="M15" fromText="the United States Attorney for the District of Puerto Rico, ICE, DEA, Federal Bureau of Investigation, CBP and U.S. Coast Guard" toID="o29" toText="U.S. Coast Guard" />
<relation_link2 id="re11" fromID="lo4" fromText="The crew of the Boat Station San Juan 45-foot response boat intercepted the suspect vessel that was taking on water and embarked the two Dominicans due to safety concerns" toID="f2" toText="Boat Station San Juan" />
<relation_link2 id="re12" fromID="lo5" fromText="The crew of the Boat Station San Juan response boat recovered two suitcases of the suspected contraband from the water, while the crew of the Matinicus recovered one other" toID="f3" toText="Boat Station San Juan" />
</TAGS>
</KddTask>