<?xml version="1.0" encoding="UTF-8" ?>
<KddTask>
<TEXT><![CDATA[
January 13, 2009
Contact: Joanna Zoltay
Number: 312-886-2597
Mexican Cocaine Courier Sentenced to Prison in United States
JAN 13  -- (Indianapolis) Sergio Leon-Moreno, 51, of El Paso, Texas was sentenced January 9, 2009 in the Southern District of Indiana to 135 months imprisonment by U.S. District Judge Sarah Evans Barker. The sentencing follows Leon-Moreno's guilty plea to conspiracy to distribute cocaine and is the result of a three-month investigation conducted by the Drug Enforcement Administration in Indianapolis.
The DEA's investigation revealed that between July 20, 2007 and August 29, 2007, Leon-Moreno served as a drug courier for an El Paso and Indianapolis based cocaine trafficking organization. Leon-Moreno transported approximately 25 kilograms of cocaine from El Paso to Indianapolis for the organization on July 28, 2007. Once in Indianapolis, members of the organization off loaded the cocaine and it was then distributed to customers in Indianapolis and Cincinnati, Ohio.
According to Assistant U.S. Attorney Bradley A. Blackington, who prosecuted the case for the government, Judge Barker also imposed five years supervised release following Leon-Moreno's release from imprisonment. Leon-Moreno, a citizen of Mexico, will be deported to Mexico following the completion of his prison sentence in the United States.
]]></TEXT>
<TAGS>
<person id="p0" start="27" end="40" text="Joanna Zoltay" TYPE="NAM" />
<person id="p2" start="62" end="122" text="Mexican Cocaine Courier Sentenced to Prison in United States" TYPE="BAR" />
<person id="p3" start="149" end="190" text="Sergio Leon-Moreno, 51, of El Paso, Texas" TYPE="NAM" />
<person id="p1" start="287" end="325" text="U.S. District Judge Sarah Evans Barker" TYPE="NAM" />
<person id="p4" start="287" end="306" text="U.S. District Judge" TYPE="NOMPRE" />
<person id="p5" start="350" end="361" text="Leon-Moreno" TYPE="NAM" />
<person id="p6" start="608" end="619" text="Leon-Moreno" TYPE="NAM" />
<person id="p7" start="630" end="715" text="a drug courier for an El Paso and Indianapolis based cocaine trafficking organization" TYPE="NOM" />
<person id="p8" start="717" end="728" text="Leon-Moreno" TYPE="NAM" />
<person id="p9" start="869" end="896" text="members of the organization" TYPE="BAR" />
<person id="p11" start="951" end="997" text="customers in Indianapolis and Cincinnati, Ohio" TYPE="BAR" />
<person id="p12" start="1012" end="1102" text="Assistant U.S. Attorney Bradley A. Blackington, who prosecuted the case for the government" TYPE="NAM" />
<person id="p13" start="1060" end="1063" text="who" TYPE="WHQ" />
<person id="p14" start="1012" end="1035" text="Assistant U.S. Attorney" TYPE="NOMPRE" />
<person id="p15" start="1104" end="1116" text="Judge Barker" TYPE="NAM" />
<person id="p16" start="1104" end="1109" text="Judge" TYPE="NOMPRE" />
<person id="p17" start="1170" end="1181" text="Leon-Moreno" TYPE="NAM" />
<person id="p18" start="1211" end="1243" text="Leon-Moreno, a citizen of Mexico" TYPE="APP" />
<person id="p19" start="1211" end="1222" text="Leon-Moreno" TYPE="NAM" />
<person id="p20" start="1224" end="1243" text="a citizen of Mexico" TYPE="NOM" />
<person id="p21" start="1300" end="1303" text="his" TYPE="PRO" />
<organization id="o0" start="224" end="256" text="the Southern District of Indiana" TYPE="NAM" />
<organization id="o1" start="292" end="300" text="District" TYPE="NOMPRE" />
<organization id="o2" start="474" end="525" text="the Drug Enforcement Administration in Indianapolis" TYPE="NAM" />
<organization id="o3" start="527" end="534" text="The DEA" TYPE="NAM" />
<organization id="o4" start="649" end="715" text="an El Paso and Indianapolis based cocaine trafficking organization" TYPE="NOM" />
<organization id="o5" start="812" end="828" text="the organization" TYPE="NOM" />
<organization id="o6" start="880" end="896" text="the organization" TYPE="NOM" />
<geographical-political id="g0" start="62" end="69" text="Mexican" TYPE="NAMPRE" />
<geographical-political id="g1" start="109" end="122" text="United States" TYPE="NAM" />
<geographical-political id="g2" start="135" end="147" text="Indianapolis" TYPE="NAM" />
<geographical-political id="g3" start="176" end="190" text="El Paso, Texas" TYPE="NAM" />
<geographical-political id="g4" start="185" end="190" text="Texas" TYPE="NAM" />
<geographical-political id="g5" start="287" end="291" text="U.S." TYPE="NAMPRE" />
<geographical-political id="g6" start="652" end="659" text="El Paso" TYPE="NAMPRE" />
<geographical-political id="g7" start="664" end="676" text="Indianapolis" TYPE="NAMPRE" />
<geographical-political id="g8" start="784" end="791" text="El Paso" TYPE="NAM" />
<geographical-political id="g9" start="795" end="807" text="Indianapolis" TYPE="NAM" />
<geographical-political id="g10" start="855" end="867" text="Indianapolis" TYPE="NAM" />
<geographical-political id="g11" start="964" end="976" text="Indianapolis" TYPE="NAM" />
<geographical-political id="g12" start="981" end="997" text="Cincinnati, Ohio" TYPE="NAM" />
<geographical-political id="g13" start="993" end="997" text="Ohio" TYPE="NAM" />
<geographical-political id="g14" start="1022" end="1026" text="U.S." TYPE="NAMPRE" />
<geographical-political id="g15" start="1237" end="1243" text="Mexico" TYPE="NAM" />
<geographical-political id="g16" start="1265" end="1271" text="Mexico" TYPE="NAM" />
<geographical-political id="g17" start="1323" end="1340" text="the United States" TYPE="NAM" />
<geographical-political id="g18" start="1088" end="1102" text="the government" TYPE="NOM" />
<falicity id="f0" start="99" end="105" text="Prison" TYPE="BAR" />
<falicity id="f1" start="1304" end="1310" text="prison" TYPE="NOMPRE" />
<head id="h0" start="27" end="40" text="Joanna Zoltay" />
<head id="h1" start="78" end="85" text="Courier" />
<head id="h2" start="62" end="69" text="Mexican" />
<head id="h3" start="99" end="105" text="Prison" />
<head id="h4" start="109" end="122" text="United States" />
<head id="h5" start="135" end="147" text="Indianapolis" />
<head id="h6" start="149" end="167" text="Sergio Leon-Moreno" />
<head id="h7" start="176" end="183" text="El Paso" />
<head id="h8" start="185" end="190" text="Texas" />
<head id="h9" start="228" end="256" text="Southern District of Indiana" />
<head id="h10" start="307" end="325" text="Sarah Evans Barker" />
<head id="h11" start="301" end="306" text="Judge" />
<head id="h12" start="292" end="300" text="District" />
<head id="h13" start="287" end="291" text="U.S." />
<head id="h14" start="350" end="361" text="Leon-Moreno" />
<head id="h15" start="478" end="525" text="Drug Enforcement Administration in Indianapolis" />
<head id="h16" start="531" end="534" text="DEA" />
<head id="h18" start="608" end="619" text="Leon-Moreno" />
<head id="h19" start="637" end="644" text="courier" />
<head id="h20" start="703" end="715" text="organization" />
<head id="h21" start="652" end="659" text="El Paso" />
<head id="h22" start="664" end="676" text="Indianapolis" />
<head id="h23" start="717" end="728" text="Leon-Moreno" />
<head id="h24" start="784" end="791" text="El Paso" />
<head id="h25" start="795" end="807" text="Indianapolis" />
<head id="h26" start="816" end="828" text="organization" />
<head id="h27" start="855" end="867" text="Indianapolis" />
<head id="h28" start="869" end="876" text="members" />
<head id="h29" start="884" end="896" text="organization" />
<head id="h30" start="951" end="960" text="customers" />
<head id="h31" start="964" end="976" text="Indianapolis" />
<head id="h32" start="981" end="991" text="Cincinnati" />
<head id="h33" start="993" end="997" text="Ohio" />
<head id="h34" start="1036" end="1058" text="Bradley A. Blackington" />
<head id="h35" start="1060" end="1063" text="who" />
<head id="h36" start="1027" end="1035" text="Attorney" />
<head id="h37" start="1022" end="1026" text="U.S." />
<head id="h38" start="1092" end="1102" text="government" />
<head id="h39" start="1110" end="1116" text="Barker" />
<head id="h40" start="1104" end="1109" text="Judge" />
<head id="h41" start="1170" end="1181" text="Leon-Moreno" />
<head id="h42" start="1211" end="1222" text="Leon-Moreno" />
<head id="h43" start="1226" end="1233" text="citizen" />
<head id="h44" start="1237" end="1243" text="Mexico" />
<head id="h45" start="1265" end="1271" text="Mexico" />
<head id="h46" start="1300" end="1303" text="his" />
<head id="h47" start="1304" end="1310" text="prison" />
<head id="h48" start="1327" end="1340" text="United States" />
<name id="n0" start="27" end="40" text="Joanna Zoltay" />
<name id="n1" start="62" end="69" text="Mexican" />
<name id="n2" start="109" end="122" text="United States" />
<name id="n3" start="135" end="147" text="Indianapolis" />
<name id="n4" start="149" end="167" text="Sergio Leon-Moreno" />
<name id="n5" start="176" end="183" text="El Paso" />
<name id="n6" start="185" end="190" text="Texas" />
<name id="n7" start="228" end="256" text="Southern District of Indiana" />
<name id="n8" start="307" end="325" text="Sarah Evans Barker" />
<name id="n9" start="287" end="291" text="U.S." />
<name id="n10" start="350" end="361" text="Leon-Moreno" />
<name id="n11" start="478" end="525" text="Drug Enforcement Administration in Indianapolis" />
<name id="n12" start="531" end="534" text="DEA" />
<name id="n13" start="608" end="619" text="Leon-Moreno" />
<name id="n14" start="652" end="659" text="El Paso" />
<name id="n15" start="664" end="676" text="Indianapolis" />
<name id="n16" start="717" end="728" text="Leon-Moreno" />
<name id="n17" start="784" end="791" text="El Paso" />
<name id="n18" start="795" end="807" text="Indianapolis" />
<name id="n19" start="855" end="867" text="Indianapolis" />
<name id="n20" start="964" end="976" text="Indianapolis" />
<name id="n21" start="981" end="991" text="Cincinnati" />
<name id="n22" start="993" end="997" text="Ohio" />
<name id="n23" start="1036" end="1058" text="Bradley A. Blackington" />
<name id="n24" start="1022" end="1026" text="U.S." />
<name id="n25" start="1110" end="1116" text="Barker" />
<name id="n26" start="1170" end="1181" text="Leon-Moreno" />
<name id="n27" start="1211" end="1222" text="Leon-Moreno" />
<name id="n28" start="1237" end="1243" text="Mexico" />
<name id="n29" start="1265" end="1271" text="Mexico" />
<name id="n30" start="1327" end="1340" text="United States" />
<located-mention id="lo0" start="62" end="122" text="Mexican Cocaine Courier Sentenced to Prison in United States" TYPE="Other" />
<located-mention id="lo1" start="717" end="845" text="Leon-Moreno transported approximately 25 kilograms of cocaine from El Paso to Indianapolis for the organization on July 28, 2007" TYPE="Other" />
<located-mention id="lo2" start="717" end="845" text="Leon-Moreno transported approximately 25 kilograms of cocaine from El Paso to Indianapolis for the organization on July 28, 2007" TYPE="Other" />
<located-mention id="lo3" start="951" end="997" text="customers in Indianapolis and Cincinnati, Ohio" TYPE="Preposition" />
<located-mention id="lo4" start="951" end="997" text="customers in Indianapolis and Cincinnati, Ohio" TYPE="Preposition" />
<located-mention id="lo5" start="847" end="997" text="Once in Indianapolis, members of the organization off loaded the cocaine and it was then distributed to customers in Indianapolis and Cincinnati, Ohio" TYPE="Other" />
<located-mention id="lo6" start="1211" end="1340" text="Leon-Moreno, a citizen of Mexico, will be deported to Mexico following the completion of his prison sentence in the United States" TYPE="Verbal" />
<located-mention id="lo7" start="1211" end="1340" text="Leon-Moreno, a citizen of Mexico, will be deported to Mexico following the completion of his prison sentence in the United States" TYPE="Other" />
<employment-mention id="e1" start="287" end="306" text="U.S. District Judge" TYPE="PreMod" />
<employment-mention id="e4" start="1012" end="1035" text="Assistant U.S. Attorney" TYPE="PreMod" />
<employment-mention id="e5" start="999" end="1209" text="According to Assistant U.S. Attorney Bradley A. Blackington, who prosecuted the case for the government, Judge Barker also imposed five years supervised release following Leon-Moreno's release from imprisonment" TYPE="Other" />
<CRRE id="C0" start="62" end="122" text="Mexican Cocaine Courier Sentenced to Prison in United States" TYPE="PreMod" />
<CRRE id="C1" start="149" end="190" text="Sergio Leon-Moreno, 51, of El Paso, Texas" TYPE="Preposition" />
<CRRE id="C2" start="1224" end="1243" text="a citizen of Mexico" TYPE="Preposition" />
<M id="M0" start="287" end="306" text="U.S. District Judge" TYPE="PreMod" />
<M id="M1" start="630" end="715" text="a drug courier for an El Paso and Indianapolis based cocaine trafficking organization" TYPE="Preposition" />
<M id="M2" start="869" end="896" text="members of the organization" TYPE="Preposition" />
<M id="M3" start="717" end="845" text="Leon-Moreno transported approximately 25 kilograms of cocaine from El Paso to Indianapolis for the organization on July 28, 2007" TYPE="Other" />
<entity_link id="en0" fromID="p3" fromText="Sergio Leon-Moreno, 51, of El Paso, Texas" toID="p2" toText="Mexican Cocaine Courier Sentenced to Prison in United States" />
<entity_link id="en1" fromID="p4" fromText="U.S. District Judge" toID="p1" toText="U.S. District Judge Sarah Evans Barker" />
<entity_link id="en2" fromID="g5" fromText="U.S." toID="g1" toText="United States" />
<entity_link id="en3" fromID="p5" fromText="Leon-Moreno" toID="p3" toText="Sergio Leon-Moreno, 51, of El Paso, Texas" />
<entity_link id="en4" fromID="p6" fromText="Leon-Moreno" toID="p5" toText="Leon-Moreno" />
<entity_link id="en5" fromID="p7" fromText="a drug courier for an El Paso and Indianapolis based cocaine trafficking organization" toID="p6" toText="Leon-Moreno" />
<entity_link id="en6" fromID="g6" fromText="El Paso" toID="g3" toText="El Paso, Texas" />
<entity_link id="en7" fromID="g7" fromText="Indianapolis" toID="g2" toText="Indianapolis" />
<entity_link id="en8" fromID="p8" fromText="Leon-Moreno" toID="p6" toText="Leon-Moreno" />
<entity_link id="en9" fromID="g8" fromText="El Paso" toID="g6" toText="El Paso" />
<entity_link id="en10" fromID="g9" fromText="Indianapolis" toID="g7" toText="Indianapolis" />
<entity_link id="en11" fromID="o5" fromText="the organization" toID="o4" toText="an El Paso and Indianapolis based cocaine trafficking organization" />
<entity_link id="en12" fromID="g10" fromText="Indianapolis" toID="g9" toText="Indianapolis" />
<entity_link id="en13" fromID="o6" fromText="the organization" toID="o5" toText="the organization" />
<entity_link id="en14" fromID="g11" fromText="Indianapolis" toID="g10" toText="Indianapolis" />
<entity_link id="en15" fromID="p13" fromText="who" toID="p12" toText="Assistant U.S. Attorney Bradley A. Blackington, who prosecuted the case for the government" />
<entity_link id="en16" fromID="p14" fromText="Assistant U.S. Attorney" toID="p12" toText="Assistant U.S. Attorney Bradley A. Blackington, who prosecuted the case for the government" />
<entity_link id="en17" fromID="g14" fromText="U.S." toID="g5" toText="U.S." />
<entity_link id="en18" fromID="p15" fromText="Judge Barker" toID="p1" toText="U.S. District Judge Sarah Evans Barker" />
<entity_link id="en19" fromID="p16" fromText="Judge" toID="p15" toText="Judge Barker" />
<entity_link id="en20" fromID="p17" fromText="Leon-Moreno" toID="p6" toText="Leon-Moreno" />
<entity_link id="en21" fromID="p19" fromText="Leon-Moreno" toID="p18" toText="Leon-Moreno, a citizen of Mexico" />
<entity_link id="en22" fromID="p19" fromText="Leon-Moreno" toID="p17" toText="Leon-Moreno" />
<entity_link id="en23" fromID="p20" fromText="a citizen of Mexico" toID="p19" toText="Leon-Moreno" />
<entity_link id="en24" fromID="g16" fromText="Mexico" toID="g15" toText="Mexico" />
<entity_link id="en25" fromID="g15" fromText="Mexico" toID="g0" toText="Mexican" />
<entity_link id="en26" fromID="p21" fromText="his" toID="p19" toText="Leon-Moreno" />
<entity_link id="en27" fromID="f1" fromText="prison" toID="f0" toText="Prison" />
<entity_link id="en28" fromID="g17" fromText="the United States" toID="g14" toText="U.S." />
<entity_link id="en29" fromID="g18" fromText="the government" toID="g14" toText="U.S." />
<head_link id="he0" fromID="p0" fromText="Joanna Zoltay" toID="h0" toText="Joanna Zoltay" />
<head_link id="he2" fromID="g0" fromText="Mexican" toID="h2" toText="Mexican" />
<head_link id="he3" fromID="f0" fromText="Prison" toID="h3" toText="Prison" />
<head_link id="he4" fromID="g1" fromText="United States" toID="h4" toText="United States" />
<head_link id="he5" fromID="p2" fromText="Mexican Cocaine Courier Sentenced to Prison in United States" toID="h1" toText="Courier" />
<head_link id="he6" fromID="g2" fromText="Indianapolis" toID="h5" toText="Indianapolis" />
<head_link id="he7" fromID="p3" fromText="Sergio Leon-Moreno, 51, of El Paso, Texas" toID="h6" toText="Sergio Leon-Moreno" />
<head_link id="he8" fromID="g3" fromText="El Paso, Texas" toID="h7" toText="El Paso" />
<head_link id="he9" fromID="g4" fromText="Texas" toID="h8" toText="Texas" />
<head_link id="he1" fromID="o0" fromText="the Southern District of Indiana" toID="h9" toText="Southern District of Indiana" />
<head_link id="he10" fromID="p1" fromText="U.S. District Judge Sarah Evans Barker" toID="h10" toText="Sarah Evans Barker" />
<head_link id="he11" fromID="p4" fromText="U.S. District Judge" toID="h11" toText="Judge" />
<head_link id="he12" fromID="o1" fromText="District" toID="h12" toText="District" />
<head_link id="he13" fromID="g5" fromText="U.S." toID="h13" toText="U.S." />
<head_link id="he14" fromID="p5" fromText="Leon-Moreno" toID="h14" toText="Leon-Moreno" />
<head_link id="he15" fromID="o2" fromText="the Drug Enforcement Administration in Indianapolis" toID="h15" toText="Drug Enforcement Administration in Indianapolis" />
<head_link id="he16" fromID="o3" fromText="The DEA" toID="h16" toText="DEA" />
<head_link id="he17" fromID="p6" fromText="Leon-Moreno" toID="h18" toText="Leon-Moreno" />
<head_link id="he18" fromID="p7" fromText="a drug courier for an El Paso and Indianapolis based cocaine trafficking organization" toID="h19" toText="courier" />
<head_link id="he19" fromID="o4" fromText="an El Paso and Indianapolis based cocaine trafficking organization" toID="h20" toText="organization" />
<head_link id="he20" fromID="g6" fromText="El Paso" toID="h21" toText="El Paso" />
<head_link id="he21" fromID="g7" fromText="Indianapolis" toID="h22" toText="Indianapolis" />
<head_link id="he22" fromID="p8" fromText="Leon-Moreno" toID="h23" toText="Leon-Moreno" />
<head_link id="he23" fromID="g8" fromText="El Paso" toID="h24" toText="El Paso" />
<head_link id="he24" fromID="g9" fromText="Indianapolis" toID="h25" toText="Indianapolis" />
<head_link id="he25" fromID="o5" fromText="the organization" toID="h26" toText="organization" />
<head_link id="he26" fromID="g10" fromText="Indianapolis" toID="h27" toText="Indianapolis" />
<head_link id="he27" fromID="p9" fromText="members of the organization" toID="h28" toText="members" />
<head_link id="he28" fromID="o6" fromText="the organization" toID="h29" toText="organization" />
<head_link id="he30" fromID="p11" fromText="customers in Indianapolis and Cincinnati, Ohio" toID="h30" toText="customers" />
<head_link id="he31" fromID="g11" fromText="Indianapolis" toID="h31" toText="Indianapolis" />
<head_link id="he32" fromID="g12" fromText="Cincinnati, Ohio" toID="h32" toText="Cincinnati" />
<head_link id="he33" fromID="g13" fromText="Ohio" toID="h33" toText="Ohio" />
<head_link id="he34" fromID="p12" fromText="Assistant U.S. Attorney Bradley A. Blackington, who prosecuted the case for the government" toID="h34" toText="Bradley A. Blackington" />
<head_link id="he35" fromID="p13" fromText="who" toID="h35" toText="who" />
<head_link id="he36" fromID="p14" fromText="Assistant U.S. Attorney" toID="h36" toText="Attorney" />
<head_link id="he37" fromID="g14" fromText="U.S." toID="h37" toText="U.S." />
<head_link id="he39" fromID="p15" fromText="Judge Barker" toID="h39" toText="Barker" />
<head_link id="he40" fromID="p16" fromText="Judge" toID="h40" toText="Judge" />
<head_link id="he41" fromID="p17" fromText="Leon-Moreno" toID="h41" toText="Leon-Moreno" />
<head_link id="he42" fromID="p19" fromText="Leon-Moreno" toID="h42" toText="Leon-Moreno" />
<head_link id="he43" fromID="p20" fromText="a citizen of Mexico" toID="h43" toText="citizen" />
<head_link id="he44" fromID="g15" fromText="Mexico" toID="h44" toText="Mexico" />
<head_link id="he45" fromID="g16" fromText="Mexico" toID="h45" toText="Mexico" />
<head_link id="he46" fromID="p21" fromText="his" toID="h46" toText="his" />
<head_link id="he47" fromID="f1" fromText="prison" toID="h47" toText="prison" />
<head_link id="he48" fromID="g17" fromText="the United States" toID="h48" toText="United States" />
<head_link id="he29" fromID="g18" fromText="the government" toID="h38" toText="government" />
<name_link id="na0" fromID="p0" fromText="Joanna Zoltay" toID="n0" toText="Joanna Zoltay" />
<name_link id="na1" fromID="g0" fromText="Mexican" toID="n1" toText="Mexican" />
<name_link id="na2" fromID="g1" fromText="United States" toID="n2" toText="United States" />
<name_link id="na3" fromID="g2" fromText="Indianapolis" toID="n3" toText="Indianapolis" />
<name_link id="na4" fromID="p3" fromText="Sergio Leon-Moreno, 51, of El Paso, Texas" toID="n4" toText="Sergio Leon-Moreno" />
<name_link id="na5" fromID="g3" fromText="El Paso, Texas" toID="n5" toText="El Paso" />
<name_link id="na6" fromID="g4" fromText="Texas" toID="n6" toText="Texas" />
<name_link id="na7" fromID="o0" fromText="the Southern District of Indiana" toID="n7" toText="Southern District of Indiana" />
<name_link id="na8" fromID="p1" fromText="U.S. District Judge Sarah Evans Barker" toID="n8" toText="Sarah Evans Barker" />
<name_link id="na9" fromID="g5" fromText="U.S." toID="n9" toText="U.S." />
<name_link id="na10" fromID="p5" fromText="Leon-Moreno" toID="n10" toText="Leon-Moreno" />
<name_link id="na11" fromID="o2" fromText="the Drug Enforcement Administration in Indianapolis" toID="n11" toText="Drug Enforcement Administration in Indianapolis" />
<name_link id="na12" fromID="o3" fromText="The DEA" toID="n12" toText="DEA" />
<name_link id="na13" fromID="p6" fromText="Leon-Moreno" toID="n13" toText="Leon-Moreno" />
<name_link id="na14" fromID="g6" fromText="El Paso" toID="n14" toText="El Paso" />
<name_link id="na15" fromID="g7" fromText="Indianapolis" toID="n15" toText="Indianapolis" />
<name_link id="na16" fromID="p8" fromText="Leon-Moreno" toID="n16" toText="Leon-Moreno" />
<name_link id="na17" fromID="g8" fromText="El Paso" toID="n17" toText="El Paso" />
<name_link id="na18" fromID="g9" fromText="Indianapolis" toID="n18" toText="Indianapolis" />
<name_link id="na19" fromID="g10" fromText="Indianapolis" toID="n19" toText="Indianapolis" />
<name_link id="na20" fromID="g11" fromText="Indianapolis" toID="n20" toText="Indianapolis" />
<name_link id="na21" fromID="g12" fromText="Cincinnati, Ohio" toID="n21" toText="Cincinnati" />
<name_link id="na22" fromID="g13" fromText="Ohio" toID="n22" toText="Ohio" />
<name_link id="na23" fromID="p12" fromText="Assistant U.S. Attorney Bradley A. Blackington, who prosecuted the case for the government" toID="n23" toText="Bradley A. Blackington" />
<name_link id="na24" fromID="g14" fromText="U.S." toID="n24" toText="U.S." />
<name_link id="na25" fromID="p15" fromText="Judge Barker" toID="n25" toText="Barker" />
<name_link id="na26" fromID="p17" fromText="Leon-Moreno" toID="n26" toText="Leon-Moreno" />
<name_link id="na27" fromID="p19" fromText="Leon-Moreno" toID="n27" toText="Leon-Moreno" />
<name_link id="na28" fromID="g15" fromText="Mexico" toID="n28" toText="Mexico" />
<name_link id="na29" fromID="g16" fromText="Mexico" toID="n29" toText="Mexico" />
<name_link id="na30" fromID="g17" fromText="the United States" toID="n30" toText="United States" />
<relation_link1 id="r0" fromID="C0" fromText="Mexican Cocaine Courier Sentenced to Prison in United States" toID="p2" toText="Mexican Cocaine Courier Sentenced to Prison in United States" />
<relation_link1 id="r1" fromID="lo0" fromText="Mexican Cocaine Courier Sentenced to Prison in United States" toID="p2" toText="Mexican Cocaine Courier Sentenced to Prison in United States" />
<relation_link1 id="r2" fromID="C1" fromText="Sergio Leon-Moreno, 51, of El Paso, Texas" toID="p3" toText="Sergio Leon-Moreno, 51, of El Paso, Texas" />
<relation_link1 id="r3" fromID="M0" fromText="U.S. District Judge" toID="p4" toText="U.S. District Judge" />
<relation_link1 id="r4" fromID="e1" fromText="U.S. District Judge" toID="p4" toText="U.S. District Judge" />
<relation_link1 id="r6" fromID="M1" fromText="a drug courier for an El Paso and Indianapolis based cocaine trafficking organization" toID="p7" toText="a drug courier for an El Paso and Indianapolis based cocaine trafficking organization" />
<relation_link1 id="r7" fromID="lo1" fromText="Leon-Moreno transported approximately 25 kilograms of cocaine from El Paso to Indianapolis for the organization on July 28, 2007" toID="p8" toText="Leon-Moreno" />
<relation_link1 id="r8" fromID="lo2" fromText="Leon-Moreno transported approximately 25 kilograms of cocaine from El Paso to Indianapolis for the organization on July 28, 2007" toID="p8" toText="Leon-Moreno" />
<relation_link1 id="r9" fromID="M2" fromText="members of the organization" toID="p9" toText="members of the organization" />
<relation_link1 id="r10" fromID="lo3" fromText="customers in Indianapolis and Cincinnati, Ohio" toID="p11" toText="customers in Indianapolis and Cincinnati, Ohio" />
<relation_link1 id="r11" fromID="lo4" fromText="customers in Indianapolis and Cincinnati, Ohio" toID="p11" toText="customers in Indianapolis and Cincinnati, Ohio" />
<relation_link1 id="r12" fromID="lo5" fromText="Once in Indianapolis, members of the organization off loaded the cocaine and it was then distributed to customers in Indianapolis and Cincinnati, Ohio" toID="p9" toText="members of the organization" />
<relation_link1 id="r13" fromID="e4" fromText="Assistant U.S. Attorney" toID="p14" toText="Assistant U.S. Attorney" />
<relation_link1 id="r14" fromID="C2" fromText="a citizen of Mexico" toID="p20" toText="a citizen of Mexico" />
<relation_link1 id="r15" fromID="lo6" fromText="Leon-Moreno, a citizen of Mexico, will be deported to Mexico following the completion of his prison sentence in the United States" toID="p19" toText="Leon-Moreno" />
<relation_link1 id="r18" fromID="M3" fromText="Leon-Moreno transported approximately 25 kilograms of cocaine from El Paso to Indianapolis for the organization on July 28, 2007" toID="p8" toText="Leon-Moreno" />
<relation_link1 id="r5" fromID="e5" fromText="According to Assistant U.S. Attorney Bradley A. Blackington, who prosecuted the case for the government, Judge Barker also imposed five years supervised release following Leon-Moreno's release from imprisonment" toID="p13" toText="who" />
<relation_link1 id="r17" fromID="lo7" fromText="Leon-Moreno, a citizen of Mexico, will be deported to Mexico following the completion of his prison sentence in the United States" toID="p21" toText="his" />
<relation_link2 id="re0" fromID="C0" fromText="Mexican Cocaine Courier Sentenced to Prison in United States" toID="g0" toText="Mexican" />
<relation_link2 id="re1" fromID="lo0" fromText="Mexican Cocaine Courier Sentenced to Prison in United States" toID="g1" toText="United States" />
<relation_link2 id="re2" fromID="C1" fromText="Sergio Leon-Moreno, 51, of El Paso, Texas" toID="g3" toText="El Paso, Texas" />
<relation_link2 id="re3" fromID="e1" fromText="U.S. District Judge" toID="g5" toText="U.S." />
<relation_link2 id="re4" fromID="M0" fromText="U.S. District Judge" toID="o1" toText="District" />
<relation_link2 id="re5" fromID="M1" fromText="a drug courier for an El Paso and Indianapolis based cocaine trafficking organization" toID="o4" toText="an El Paso and Indianapolis based cocaine trafficking organization" />
<relation_link2 id="re6" fromID="lo1" fromText="Leon-Moreno transported approximately 25 kilograms of cocaine from El Paso to Indianapolis for the organization on July 28, 2007" toID="g8" toText="El Paso" />
<relation_link2 id="re7" fromID="lo2" fromText="Leon-Moreno transported approximately 25 kilograms of cocaine from El Paso to Indianapolis for the organization on July 28, 2007" toID="g9" toText="Indianapolis" />
<relation_link2 id="re8" fromID="M2" fromText="members of the organization" toID="o6" toText="the organization" />
<relation_link2 id="re9" fromID="lo3" fromText="customers in Indianapolis and Cincinnati, Ohio" toID="g11" toText="Indianapolis" />
<relation_link2 id="re10" fromID="lo4" fromText="customers in Indianapolis and Cincinnati, Ohio" toID="g12" toText="Cincinnati, Ohio" />
<relation_link2 id="re11" fromID="lo5" fromText="Once in Indianapolis, members of the organization off loaded the cocaine and it was then distributed to customers in Indianapolis and Cincinnati, Ohio" toID="g10" toText="Indianapolis" />
<relation_link2 id="re12" fromID="e4" fromText="Assistant U.S. Attorney" toID="g14" toText="U.S." />
<relation_link2 id="re13" fromID="C2" fromText="a citizen of Mexico" toID="g15" toText="Mexico" />
<relation_link2 id="re14" fromID="lo6" fromText="Leon-Moreno, a citizen of Mexico, will be deported to Mexico following the completion of his prison sentence in the United States" toID="g16" toText="Mexico" />
<relation_link2 id="re17" fromID="M3" fromText="Leon-Moreno transported approximately 25 kilograms of cocaine from El Paso to Indianapolis for the organization on July 28, 2007" toID="o5" toText="the organization" />
<relation_link2 id="re18" fromID="e5" fromText="According to Assistant U.S. Attorney Bradley A. Blackington, who prosecuted the case for the government, Judge Barker also imposed five years supervised release following Leon-Moreno's release from imprisonment" toID="g18" toText="the government" />
<relation_link2 id="re16" fromID="lo7" fromText="Leon-Moreno, a citizen of Mexico, will be deported to Mexico following the completion of his prison sentence in the United States" toID="g17" toText="the United States" />
</TAGS>
</KddTask>